order_id,customer_id,order_date,product_id,product_name,category,quantity,unit_price,discount,total_amount,payment_method,city
1,261,2024-08-11,110,Cooking Oil,Home Decor,1,3052.97,6.12,3046.85,Net Banking,Millsview
2,99,2025-06-06,101,Tennis Racket,Clothing,4,3329.43,13.73,13303.99,UPI,New Benjaminberg
3,267,2024-06-09,101,T-shirt,Clothing,5,4214.25,0.61,21070.64,UPI,Moorestad
4,274,2025-02-10,101,T-shirt,Clothing,2,3536.96,0.81,7073.11,Cash,Davidburgh
5,162,2024-12-14,108,Jeans,Clothing,1,3126.37,15.91,3110.46,Cash,Vasquezstad
6,215,2025-07-03,101,Tennis Racket,Clothing,4,1563.83,16.63,6238.69,Debit Card,North Veronica
7,213,2024-09-13,106,Tennis Racket,Clothing,4,2336.96,13.97,9333.87,Debit Card,Lake Jasonhaven
8,217,2024-06-24,109,Rice Bag,Sports,2,930.2,11.03,1849.37,Credit Card,East Josephberg
9,229,2024-06-16,108,T-shirt,Sports,5,3249.93,16.87,16232.78,UPI,North Gregory
10,85,2024-09-20,107,Rice Bag,Grocery,3,1242.01,4.83,3721.2,Net Banking,Katieborough
11,218,2024-05-21,105,Tennis Racket,Grocery,3,4119.4,15.11,12343.09,Net Banking,Lake Cherylchester
12,202,2025-04-28,108,T-shirt,Clothing,1,3190.27,11.87,3178.4,Debit Card,Frenchton
13,200,2023-08-18,103,Headphones,Electronics,3,2783.86,10.63,8340.95,UPI,Petersonton
14,75,2024-12-13,106,Curtains,Clothing,3,4715.7,16.06,14131.04,Net Banking,Sarahville
15,118,2024-03-31,102,Tennis Racket,Grocery,3,869.78,4.51,2604.83,Credit Card,New Tracyburgh
16,75,2024-04-04,103,Cooking Oil,Electronics,4,2234.45,4.18,8933.62,Cash,Lake Bryanfurt
17,92,2023-10-23,107,Jeans,Electronics,3,1405.37,18.53,4197.58,Debit Card,West Tracey
18,96,2024-01-12,107,Jeans,Clothing,3,4266.16,13.61,12784.87,UPI,Cartermouth
19,134,2023-11-16,106,T-shirt,Grocery,3,3383.71,4.86,10146.27,Net Banking,Lake Carolinestad
20,90,2023-10-26,110,T-shirt,Electronics,4,1250.86,0.31,5003.13,Cash,South Timothy
21,290,2025-01-09,102,Football,Clothing,3,4854.53,1.32,14562.27,Net Banking,West Richardshire
22,154,2023-10-26,101,Rice Bag,Clothing,5,304.47,14.08,1508.27,Cash,South Katherineville
23,116,2025-02-28,108,Curtains,Clothing,2,4102.56,14.02,8191.1,Credit Card,Garciaport
24,93,2025-05-20,109,Laptop,Clothing,2,4051.0,8.96,8093.04,Cash,New Colin
25,267,2025-07-12,101,Laptop,Grocery,4,1699.94,9.78,6789.98,Debit Card,South Kevin
26,111,2024-09-12,104,Cooking Oil,Grocery,5,4623.17,6.03,23109.82,Net Banking,Ginaville
27,21,2024-01-02,104,Cooking Oil,Grocery,4,4799.48,2.84,19195.08,Cash,Port Christopherborough
28,26,2024-11-25,106,T-shirt,Clothing,5,2006.85,7.65,10026.6,Net Banking,Eileentown
29,225,2023-07-13,108,Cooking Oil,Home Decor,4,2766.84,17.09,11050.27,Credit Card,Miguelton
30,29,2024-02-18,101,Tennis Racket,Electronics,4,2036.15,8.98,8135.62,UPI,South Sarahberg
31,240,2024-03-24,110,Rice Bag,Electronics,4,1896.7,15.5,7571.3,Net Banking,Port Gregoryfort
32,92,2024-04-28,104,Laptop,Grocery,2,4975.67,1.01,9950.33,Net Banking,Port Williamview
33,261,2023-09-29,106,Laptop,Grocery,4,2631.07,5.39,10518.89,Debit Card,Moralesborough
34,61,2024-07-15,108,Curtains,Sports,5,917.58,11.04,4576.86,UPI,Paulland
35,293,2023-11-05,103,Wall Clock,Clothing,4,3312.7,18.73,13232.07,UPI,Ricefurt
36,173,2025-02-19,103,T-shirt,Electronics,5,2792.21,9.13,13951.92,UPI,Lake Megan
37,70,2024-02-28,109,Cooking Oil,Electronics,2,4473.52,15.73,8931.31,Cash,Port Sean
38,209,2024-05-11,102,Headphones,Sports,5,2836.37,15.64,14166.21,Net Banking,West Austinbury
39,214,2023-09-27,105,Tennis Racket,Grocery,5,3672.82,3.32,18360.78,UPI,Montoyatown
40,255,2023-08-23,105,Curtains,Home Decor,3,2856.31,12.54,8556.39,Net Banking,Lake Wendyhaven
41,246,2024-08-24,105,Curtains,Home Decor,2,2763.44,3.82,5523.06,Debit Card,Kevinview
42,159,2024-06-26,102,T-shirt,Electronics,4,3526.81,15.61,14091.63,UPI,Jacksonstad
43,292,2025-05-10,102,Cooking Oil,Electronics,3,687.64,18.43,2044.49,Cash,Port Michaelbury
44,91,2024-01-12,102,Tennis Racket,Sports,2,3044.51,5.87,6083.15,Cash,Vanessashire
45,113,2025-02-13,110,Headphones,Grocery,4,2259.15,3.16,9033.44,Debit Card,West Brittany
46,37,2024-12-31,109,Cooking Oil,Grocery,3,3235.88,17.87,9689.77,UPI,Carolfort
47,106,2025-03-28,108,Headphones,Sports,1,2754.47,16.3,2738.17,Credit Card,East Eric
48,182,2023-11-25,108,Curtains,Clothing,5,1818.63,19.99,9073.16,Cash,North Jamesshire
49,295,2024-04-30,108,Cooking Oil,Sports,1,3766.05,12.77,3753.28,Net Banking,Lake Kimberly
50,176,2023-09-25,107,Cooking Oil,Electronics,3,3154.2,7.67,9454.93,Cash,North Zachary
51,85,2024-07-27,106,Wall Clock,Home Decor,4,1415.66,16.51,5646.13,Debit Card,Lake Gregory
52,76,2024-04-05,101,Headphones,Electronics,4,928.68,9.34,3705.38,Cash,East Teresa
53,3,2023-10-30,108,Wall Clock,Electronics,3,3100.82,7.17,9295.29,Credit Card,Deborahberg
54,26,2024-07-23,105,Wall Clock,Sports,1,438.83,7.07,431.76,Credit Card,Keithtown
55,196,2025-05-07,104,Curtains,Clothing,4,1627.47,19.83,6490.05,Net Banking,Campbellburgh
56,258,2024-06-23,108,Cooking Oil,Grocery,2,625.96,13.19,1238.73,Net Banking,East Emily
57,286,2024-04-06,106,Headphones,Home Decor,4,3967.95,10.63,15861.17,Cash,New Angelaport
58,122,2025-03-01,110,Rice Bag,Clothing,3,2604.25,1.5,7811.25,Credit Card,Pierceton
59,109,2023-12-31,109,Jeans,Home Decor,4,2038.84,6.54,8148.82,Debit Card,Davidview
60,209,2024-01-18,102,Tennis Racket,Clothing,1,4167.99,8.6,4159.39,Debit Card,Hugheston
61,257,2025-02-05,105,Cooking Oil,Grocery,1,228.37,17.63,210.74,Cash,Crosbychester
62,121,2025-01-29,106,Cooking Oil,Sports,3,1998.93,16.08,5980.71,Net Banking,North Erin
63,297,2024-10-23,104,T-shirt,Electronics,3,2264.18,13.13,6779.41,Debit Card,Port Robert
64,194,2024-11-20,106,Cooking Oil,Clothing,2,872.26,7.52,1737.0,UPI,Davisstad
65,123,2023-10-18,110,Cooking Oil,Clothing,4,2780.97,14.63,11109.25,Cash,Thorntonstad
66,131,2024-10-27,101,Headphones,Clothing,2,3191.33,15.6,6367.06,Credit Card,South Jenniferborough
67,42,2023-07-31,103,Wall Clock,Home Decor,3,2727.58,4.13,8178.61,Debit Card,Port Stephenchester
68,234,2025-06-26,103,Headphones,Sports,4,4813.54,6.55,19247.61,Net Banking,West Meghan
69,246,2024-11-20,103,Tennis Racket,Clothing,5,596.54,16.57,2966.13,UPI,South Franciscoburgh
70,145,2023-11-30,108,Rice Bag,Clothing,4,843.98,7.29,3368.63,Net Banking,Conwayshire
71,74,2024-11-09,108,Curtains,Electronics,4,3497.64,10.28,13980.28,UPI,Smithmouth
72,219,2024-02-26,107,Rice Bag,Electronics,5,3876.52,12.62,19369.98,UPI,Tiffanymouth
73,17,2024-03-01,110,Cooking Oil,Home Decor,4,3303.78,4.14,13210.98,Credit Card,Kennethborough
74,68,2024-08-17,110,T-shirt,Clothing,5,3221.86,8.0,16101.3,Net Banking,Bakerbury
75,43,2025-04-13,102,Tennis Racket,Sports,1,725.02,19.68,705.34,UPI,Hectorfurt
76,132,2024-04-10,106,Laptop,Electronics,2,3190.62,6.78,6374.46,UPI,West Sydneyport
77,9,2024-02-05,106,Cooking Oil,Electronics,2,1347.68,10.61,2684.75,UPI,Michelleview
78,80,2024-03-13,110,Wall Clock,Electronics,1,3944.48,14.24,3930.24,Debit Card,Blakeburgh
79,198,2024-09-19,106,Football,Home Decor,5,712.38,16.4,3545.5,UPI,Tanyaberg
80,150,2024-03-27,105,Rice Bag,Clothing,1,3710.77,17.92,3692.85,UPI,North Haleyton
81,269,2025-05-10,108,Headphones,Sports,5,3401.03,19.03,16986.12,Cash,Taylorstad
82,106,2024-03-24,108,Wall Clock,Sports,2,425.82,5.98,845.66,Net Banking,Hallborough
83,62,2024-09-15,105,Wall Clock,Grocery,4,483.38,19.36,1914.16,Cash,Mezafort
84,112,2025-07-11,102,Football,Sports,5,4813.58,2.32,24065.58,Debit Card,Christopherchester
85,243,2024-07-17,110,Jeans,Electronics,5,754.28,4.67,3766.73,Credit Card,East Matthewchester
86,141,2024-04-29,104,Jeans,Clothing,5,2265.74,19.97,11308.73,Net Banking,East Robert
87,214,2024-10-30,110,Wall Clock,Electronics,2,3677.73,14.2,7341.26,Net Banking,Ramirezfurt
88,217,2025-06-11,101,Laptop,Home Decor,3,3080.98,6.92,9236.02,Debit Card,East Andrew
89,133,2023-07-27,109,Laptop,Home Decor,3,1521.73,1.51,4563.68,Cash,East Deborah
90,290,2025-05-02,109,Rice Bag,Home Decor,4,3862.38,18.95,15430.57,Debit Card,Lake Ashley
91,229,2024-06-25,109,Cooking Oil,Home Decor,4,3258.87,3.25,13032.23,Net Banking,Ninafort
92,11,2024-10-04,105,Laptop,Electronics,4,2376.1,0.83,9503.57,Net Banking,Johnfort
93,160,2024-11-18,106,Rice Bag,Electronics,1,2267.1,14.48,2252.62,Credit Card,West Katherine
94,228,2024-08-13,107,Tennis Racket,Electronics,4,2152.24,8.28,8600.68,UPI,Thomasmouth
95,222,2025-03-18,107,Laptop,Home Decor,2,3307.73,17.84,6597.62,Net Banking,Port Stephanie
96,133,2024-05-26,109,Jeans,Sports,5,1877.82,18.39,9370.71,UPI,Reeseport
97,8,2024-07-01,104,Tennis Racket,Grocery,2,3232.12,11.26,6452.98,Credit Card,Millerstad
98,241,2023-12-15,103,Laptop,Grocery,3,1358.8,4.07,4072.33,UPI,Port Christineberg
99,172,2024-02-26,108,Laptop,Electronics,3,3097.13,0.3,9291.09,Cash,North Robertfurt
100,11,2024-09-30,107,Cooking Oil,Clothing,5,544.68,14.3,2709.1,Net Banking,Smithfort
101,215,2024-12-28,109,Rice Bag,Grocery,4,3641.41,19.53,14546.11,Cash,North Jeffrey
102,31,2024-12-11,107,Tennis Racket,Electronics,2,381.94,17.99,745.89,Cash,Port Dean
103,229,2024-03-28,106,Wall Clock,Electronics,1,3457.41,2.52,3454.89,UPI,Owensfort
104,24,2023-10-01,108,Wall Clock,Sports,2,3930.09,4.69,7855.49,UPI,North Tyler
105,291,2024-09-20,103,Curtains,Grocery,2,4457.11,5.3,8908.92,UPI,South John
106,206,2024-05-11,109,Cooking Oil,Clothing,1,4241.88,16.58,4225.3,Credit Card,Cristinastad
107,165,2024-08-10,105,T-shirt,Sports,4,582.13,12.99,2315.53,Credit Card,Maldonadofurt
108,60,2024-10-24,109,Tennis Racket,Home Decor,2,2857.43,14.93,5699.93,UPI,Hallbury
109,148,2023-12-02,106,Headphones,Electronics,5,401.49,17.02,1990.43,Debit Card,West Justinmouth
110,133,2023-10-02,110,Tennis Racket,Clothing,5,2907.16,0.82,14534.98,UPI,Stevenview
111,88,2024-07-01,104,Jeans,Grocery,2,1692.83,18.27,3367.39,Cash,West Roy
112,191,2024-12-01,102,Football,Grocery,1,2658.01,19.57,2638.44,UPI,Cindyburgh
113,300,2024-07-02,102,Jeans,Sports,2,2836.85,4.02,5669.68,Net Banking,Burnsbury
114,300,2024-07-03,103,Headphones,Electronics,2,2472.26,4.38,4940.14,Credit Card,North Meredithton
115,113,2025-01-15,109,Jeans,Electronics,4,2622.89,5.17,10486.39,Debit Card,Oliverton
116,159,2024-09-16,102,Tennis Racket,Sports,2,330.16,13.74,646.58,Debit Card,Williamsmouth
117,251,2024-07-07,106,Curtains,Home Decor,5,4157.83,17.41,20771.74,Credit Card,Sonyastad
118,104,2024-12-20,105,Jeans,Sports,4,4430.4,10.14,17711.46,Cash,Lake Sandra
119,23,2023-11-14,102,Jeans,Electronics,4,978.76,6.91,3908.13,UPI,Riverastad
120,46,2025-06-18,105,T-shirt,Sports,2,4694.9,17.72,9372.08,Credit Card,South Katrinaburgh
121,286,2025-06-01,106,Curtains,Sports,4,4629.58,3.97,18514.35,Net Banking,South Charles
122,235,2024-09-30,109,Curtains,Sports,1,1252.25,5.1,1247.15,Debit Card,Laurenmouth
123,169,2024-07-15,107,Headphones,Clothing,1,1017.18,2.72,1014.46,UPI,Lake Cynthia
124,20,2025-04-21,110,Jeans,Home Decor,3,2632.54,4.1,7893.52,Credit Card,West Daniellefurt
125,98,2025-04-09,108,Jeans,Electronics,2,2030.88,11.13,4050.63,Credit Card,Lake Kimberly
126,155,2024-02-20,104,Wall Clock,Home Decor,3,1730.14,13.09,5177.33,Debit Card,Stephenchester
127,151,2024-09-29,109,Rice Bag,Home Decor,5,2482.93,16.11,12398.54,Debit Card,Woodborough
128,228,2024-10-22,104,T-shirt,Grocery,2,3268.53,13.79,6523.27,Cash,Vernonberg
129,59,2024-08-08,106,Football,Clothing,2,3010.67,15.16,6006.18,Credit Card,Floydchester
130,226,2023-08-14,102,Cooking Oil,Sports,3,220.26,7.12,653.66,UPI,Paulton
131,219,2024-05-22,110,Wall Clock,Clothing,1,137.05,2.14,134.91,Credit Card,Marieberg
132,54,2024-03-28,104,Tennis Racket,Clothing,4,4012.14,7.7,16040.86,Debit Card,South Danielle
133,56,2024-02-07,109,Football,Sports,1,2639.39,10.25,2629.14,Credit Card,Benjaminland
134,198,2023-08-27,108,Headphones,Electronics,5,4716.46,18.87,23563.43,Net Banking,Browningmouth
135,221,2023-09-11,104,Rice Bag,Grocery,1,3366.41,6.21,3360.2,Cash,North Marcusfort
136,48,2025-03-20,106,Laptop,Sports,3,4075.9,3.96,12223.74,UPI,Cynthiahaven
137,59,2025-07-01,102,Headphones,Electronics,5,687.46,11.63,3425.67,Net Banking,East Caitlin
138,226,2023-07-19,105,Jeans,Clothing,3,920.44,16.01,2745.31,Debit Card,North James
139,78,2023-08-13,110,Laptop,Sports,3,2010.7,10.63,6021.47,Cash,Carpentershire
140,43,2024-07-13,103,Curtains,Electronics,1,2093.36,16.71,2076.65,UPI,Harveyborough
141,44,2024-05-04,101,Laptop,Sports,2,2287.12,15.86,4558.38,Debit Card,Port Stephanieport
142,252,2025-02-02,107,T-shirt,Grocery,1,3682.03,15.08,3666.95,Credit Card,Corytown
143,40,2025-06-09,107,Jeans,Home Decor,4,4669.75,1.41,18677.59,Net Banking,Jessicaburgh
144,88,2024-01-05,103,Rice Bag,Grocery,4,3231.47,2.38,12923.5,Cash,South Jessicabury
145,204,2025-04-18,108,Wall Clock,Electronics,3,3912.11,10.3,11726.03,Net Banking,South Tony
146,130,2025-05-30,107,Tennis Racket,Sports,2,4133.13,7.53,8258.73,Cash,North Robertburgh
147,231,2024-03-11,106,Curtains,Electronics,5,1203.54,18.12,5999.58,Debit Card,New Karistad
148,135,2024-06-28,109,Tennis Racket,Sports,3,3957.3,19.65,11852.25,Credit Card,Port Meganfort
149,275,2024-10-13,103,Curtains,Home Decor,5,143.85,16.48,702.77,Cash,Tracyland
150,72,2023-08-07,101,Rice Bag,Clothing,2,1538.67,0.8,3076.54,Net Banking,North Joshuatown
151,97,2024-05-23,101,Football,Clothing,3,4839.07,13.12,14504.09,Credit Card,Davisfort
152,137,2024-04-30,101,Wall Clock,Home Decor,5,2657.87,1.58,13287.77,Cash,East Courtneystad
153,77,2025-04-30,109,Headphones,Grocery,5,270.8,5.86,1348.14,UPI,Catherinestad
154,127,2024-07-14,108,Headphones,Electronics,4,4084.55,14.66,16323.54,Cash,South Catherinemouth
155,279,2024-02-07,106,Football,Home Decor,1,1957.62,7.0,1950.62,Credit Card,Mcclainport
156,204,2024-03-16,110,T-shirt,Sports,1,2846.42,11.28,2835.14,Credit Card,Yvonneland
157,227,2024-03-05,104,Laptop,Grocery,1,775.74,16.21,759.53,Credit Card,Robinsonview
158,92,2024-08-28,101,Jeans,Grocery,5,4626.13,8.87,23121.78,Credit Card,Timothyville
159,194,2024-12-01,101,Rice Bag,Grocery,5,4180.74,11.27,20892.43,Cash,New Kathy
160,132,2023-08-23,107,Football,Sports,1,4822.47,1.92,4820.55,Net Banking,Dunnside
161,276,2024-12-16,108,Rice Bag,Clothing,3,4694.43,10.68,14072.61,Credit Card,New Brian
162,26,2025-02-22,109,Wall Clock,Grocery,1,2165.58,0.46,2165.12,UPI,Rodriguezchester
163,231,2023-10-28,108,T-shirt,Sports,1,1649.95,1.82,1648.13,Credit Card,Hubbardmouth
164,78,2024-06-10,103,Rice Bag,Electronics,3,2190.5,11.93,6559.57,UPI,Andreafort
165,278,2024-11-15,101,Laptop,Clothing,4,2879.49,3.56,11514.4,Debit Card,North Josestad
166,124,2024-09-05,109,Jeans,Home Decor,3,2588.74,14.3,7751.92,Debit Card,Julianville
167,171,2023-10-09,101,Rice Bag,Grocery,4,4790.73,2.75,19160.17,Credit Card,Williamsville
168,151,2025-06-06,106,Cooking Oil,Grocery,3,189.96,17.23,552.65,Net Banking,New Kellybury
169,236,2024-03-04,109,Jeans,Sports,2,2198.31,9.01,4387.61,Net Banking,Port Lisa
170,275,2024-09-23,109,Wall Clock,Home Decor,2,1492.28,14.76,2969.8,Debit Card,East Jennifer
171,18,2024-03-28,109,Headphones,Sports,2,3281.77,11.52,6552.02,UPI,Johnsview
172,185,2023-09-28,101,Curtains,Clothing,5,2939.7,1.92,14696.58,Credit Card,Port Katie
173,108,2024-08-23,102,T-shirt,Sports,1,4156.7,5.08,4151.62,Cash,Seanfort
174,21,2024-11-12,109,Wall Clock,Clothing,5,1012.26,0.13,5061.17,Cash,Paulfurt
175,52,2025-04-20,102,Football,Electronics,1,553.96,2.44,551.52,Cash,Annafort
176,291,2023-09-01,109,Cooking Oil,Grocery,4,3816.64,9.15,15257.41,Credit Card,West Jessica
177,241,2024-04-26,102,Curtains,Home Decor,1,3224.93,14.48,3210.45,Credit Card,Richardside
178,274,2024-11-01,109,Headphones,Sports,1,4859.48,9.37,4850.11,Cash,Rayshire
179,90,2024-07-19,105,Tennis Racket,Grocery,4,3376.63,6.14,13500.38,Debit Card,East Benjamin
180,285,2024-03-23,109,Headphones,Sports,4,3210.2,7.89,12832.91,UPI,South Jasonhaven
181,257,2025-01-12,107,Football,Grocery,2,895.48,14.62,1776.34,UPI,Millerport
182,122,2023-12-26,110,T-shirt,Electronics,2,4611.74,8.21,9215.27,Debit Card,South Andrew
183,254,2024-10-25,107,T-shirt,Clothing,3,4848.61,11.5,14534.33,UPI,Lake Jenniferbury
184,296,2024-06-18,103,Laptop,Electronics,5,1861.15,3.47,9302.28,Net Banking,New Andreborough
185,170,2023-11-16,108,Football,Clothing,1,1609.91,3.58,1606.33,Net Banking,Marshberg
186,170,2023-09-04,102,Curtains,Sports,3,4247.08,7.06,12734.18,Cash,Michelleview
187,96,2024-11-24,110,Headphones,Sports,1,4561.63,14.31,4547.32,UPI,Kevintown
188,242,2024-12-17,109,Cooking Oil,Electronics,4,1769.97,2.6,7077.28,Debit Card,New Jasmine
189,70,2024-09-05,110,Rice Bag,Electronics,1,3328.25,10.01,3318.24,Credit Card,East Michaelshire
190,103,2024-11-27,109,Laptop,Electronics,4,1874.9,15.5,7484.1,Net Banking,Lake Jason
191,292,2024-04-04,103,Curtains,Clothing,1,3899.29,17.7,3881.59,UPI,Mariaborough
192,17,2023-07-30,102,T-shirt,Grocery,5,143.21,18.1,697.95,Debit Card,Gallagherbury
193,86,2023-08-16,107,Jeans,Home Decor,4,3360.59,16.36,13426.0,Net Banking,Yangburgh
194,215,2023-11-24,107,Football,Electronics,5,133.45,0.14,667.11,UPI,East Joshua
195,24,2025-03-23,102,Wall Clock,Clothing,3,2952.1,8.48,8847.82,Credit Card,West Rachelport
196,172,2023-10-02,101,Cooking Oil,Clothing,2,535.92,4.93,1066.91,Net Banking,New Michelleshire
197,16,2024-03-12,102,Curtains,Grocery,1,2022.17,2.46,2019.71,Cash,Lake Jennifer
198,115,2025-05-18,101,Curtains,Electronics,1,1027.96,2.11,1025.85,Net Banking,Teresaview
199,176,2024-10-03,108,Headphones,Grocery,4,2481.71,14.21,9912.63,Net Banking,North Williamville
200,193,2025-06-12,105,T-shirt,Home Decor,2,2889.07,19.03,5759.11,Debit Card,New Davidshire
201,141,2023-10-01,107,Curtains,Electronics,4,2367.56,8.28,9461.96,Credit Card,Castroburgh
202,155,2024-02-21,103,Tennis Racket,Home Decor,2,701.28,4.3,1398.26,Cash,West Latoyafort
203,239,2023-09-18,110,Wall Clock,Sports,5,2006.21,12.9,10018.15,Net Banking,Gillside
204,116,2025-04-16,106,Headphones,Sports,2,1786.5,4.52,3568.48,UPI,Christopherfurt
205,126,2024-11-07,108,Laptop,Grocery,1,2400.15,14.49,2385.66,Credit Card,Johnsontown
206,22,2024-04-06,105,Rice Bag,Sports,5,1196.77,4.77,5979.08,Cash,Teresaside
207,294,2024-12-05,107,Laptop,Electronics,5,4457.08,0.02,22285.38,UPI,New Michael
208,119,2025-06-13,109,Curtains,Sports,1,3838.41,1.2,3837.21,Net Banking,South Gregoryville
209,38,2023-07-29,109,Tennis Racket,Home Decor,4,1663.52,1.55,6652.53,UPI,Wrightchester
210,173,2025-01-20,107,Jeans,Clothing,4,2982.9,13.36,11918.24,Credit Card,Markmouth
211,157,2025-05-22,109,Wall Clock,Clothing,2,3071.96,3.38,6140.54,UPI,Lake Alexandertown
212,214,2023-08-20,102,Cooking Oil,Sports,2,2006.35,11.71,4000.99,Cash,Karenside
213,6,2024-08-24,107,Headphones,Sports,4,4325.12,16.36,17284.12,Credit Card,East Allisonfurt
214,163,2024-02-23,103,Rice Bag,Electronics,2,2755.41,16.84,5493.98,Cash,West Joseph
215,294,2025-01-03,104,T-shirt,Grocery,3,2537.82,2.25,7611.21,UPI,New Rodney
216,181,2023-08-22,104,Jeans,Clothing,5,2464.76,19.71,12304.09,UPI,Troytown
217,141,2024-02-02,104,Rice Bag,Electronics,1,3555.46,5.07,3550.39,Cash,Deborahview
218,253,2023-12-09,104,Tennis Racket,Home Decor,4,3001.57,16.48,11989.8,UPI,Robertport
219,109,2025-05-11,103,Rice Bag,Home Decor,3,2240.58,7.99,6713.75,Net Banking,Zacharyberg
220,251,2024-01-20,107,Tennis Racket,Clothing,4,319.35,11.61,1265.79,Cash,Leeland
221,95,2024-01-18,101,Football,Grocery,5,3287.18,8.44,16427.46,Credit Card,New Michael
222,76,2025-01-29,106,T-shirt,Clothing,2,2080.27,16.32,4144.22,Debit Card,Woodstad
223,31,2025-01-28,101,Curtains,Electronics,4,510.46,19.81,2022.03,Credit Card,Lake William
224,194,2024-06-17,105,Rice Bag,Clothing,4,2219.01,15.0,8861.04,UPI,Lake Melissa
225,23,2023-10-15,105,Laptop,Grocery,2,2723.25,10.15,5436.35,Debit Card,Beverlymouth
226,265,2024-05-30,105,Rice Bag,Grocery,1,3911.02,12.32,3898.7,Net Banking,New David
227,158,2025-03-26,109,T-shirt,Grocery,3,4761.98,12.51,14273.43,Cash,Brittneyton
228,110,2024-02-14,105,T-shirt,Clothing,3,4544.34,14.29,13618.73,Credit Card,Kevinshire
229,60,2023-11-14,102,Headphones,Electronics,5,136.8,0.78,683.22,Net Banking,West Brett
230,300,2025-01-03,102,Jeans,Sports,1,1643.11,7.67,1635.44,Credit Card,Port Lindsay
231,299,2025-03-12,102,Tennis Racket,Sports,3,2687.17,19.25,8042.26,Debit Card,West Linda
232,207,2024-07-19,110,Tennis Racket,Sports,4,4098.46,3.68,16390.16,Cash,South Anna
233,44,2024-02-26,101,Wall Clock,Home Decor,2,4782.43,0.61,9564.25,Net Banking,East Brandyville
234,214,2023-10-22,103,Cooking Oil,Grocery,3,4700.45,5.51,14095.84,UPI,Smithton
235,290,2024-01-05,102,Curtains,Electronics,1,2037.6,4.91,2032.69,Credit Card,Staceychester
236,58,2024-07-24,106,Rice Bag,Home Decor,3,2859.02,19.02,8558.04,UPI,North Scottbury
237,283,2024-12-26,103,Tennis Racket,Grocery,4,3362.59,5.6,13444.76,Cash,Hollowaytown
238,212,2025-03-18,105,Tennis Racket,Clothing,4,411.24,17.06,1627.9,UPI,East Dennismouth
239,99,2024-07-03,104,Cooking Oil,Sports,3,784.35,18.24,2334.81,Net Banking,Jonestown
240,51,2024-05-07,107,Wall Clock,Electronics,2,3273.56,10.88,6536.24,Credit Card,Leechester
241,256,2024-04-03,102,Curtains,Clothing,1,192.28,12.19,180.09,Credit Card,Kristinaview
242,189,2025-07-11,103,Wall Clock,Electronics,5,4307.59,16.75,21521.2,Net Banking,South Erinbury
243,79,2024-01-02,106,Rice Bag,Electronics,2,2349.25,17.47,4681.03,Debit Card,West Martinland
244,109,2025-06-17,101,Rice Bag,Home Decor,4,285.47,18.33,1123.55,Credit Card,Reyesberg
245,279,2023-09-22,109,Headphones,Electronics,3,4187.87,10.94,12552.67,UPI,West Alexanderport
246,237,2025-02-25,104,Rice Bag,Grocery,3,365.33,11.99,1084.0,Debit Card,Lake Bryanbury
247,300,2025-02-17,103,Laptop,Clothing,4,4472.61,16.0,17874.44,Cash,South John
248,243,2024-05-15,102,Tennis Racket,Sports,1,3791.7,0.23,3791.47,Credit Card,Emilyhaven
249,155,2025-01-03,109,Curtains,Electronics,4,1795.38,13.19,7168.33,Debit Card,South Robert
250,248,2025-06-27,103,Tennis Racket,Sports,5,3005.46,14.38,15012.92,Debit Card,East Laura
251,184,2023-10-11,110,Jeans,Grocery,4,2130.58,11.85,8510.47,UPI,Laurahaven
252,71,2025-02-23,106,Curtains,Clothing,3,3107.44,9.72,9312.6,Credit Card,Kayleeside
253,45,2023-11-21,103,Rice Bag,Electronics,3,4654.39,12.05,13951.12,Debit Card,Oliverside
254,6,2025-01-27,101,Rice Bag,Clothing,2,4165.6,16.0,8315.2,UPI,Lake Zachary
255,180,2024-12-09,101,Jeans,Home Decor,2,2893.32,13.41,5773.23,UPI,Stephanieside
256,180,2024-04-21,108,T-shirt,Grocery,2,1054.44,5.23,2103.65,Debit Card,Port Reneefort
257,138,2024-05-14,110,T-shirt,Electronics,2,2781.91,9.53,5554.29,Debit Card,Port Sonia
258,57,2024-03-15,102,Rice Bag,Grocery,3,1832.91,15.45,5483.28,Cash,West Jennifer
259,39,2023-09-29,110,Curtains,Home Decor,3,3961.86,2.09,11883.49,UPI,Smithchester
260,259,2023-09-07,104,Rice Bag,Grocery,1,4621.52,11.27,4610.25,Net Banking,East Cassandra
261,124,2024-01-06,102,Headphones,Grocery,3,1068.02,18.22,3185.84,UPI,Millerport
262,244,2024-12-02,108,Rice Bag,Electronics,5,1430.17,1.49,7149.36,Credit Card,South James
263,238,2023-09-12,108,Headphones,Grocery,2,3076.85,0.75,6152.95,Credit Card,Ethanfurt
264,202,2023-08-14,105,Headphones,Sports,2,4274.11,0.17,8548.05,UPI,Ethanfort
265,222,2025-06-30,104,Curtains,Sports,1,3041.54,10.84,3030.7,Cash,North Vanessahaven
266,299,2023-10-11,108,Rice Bag,Home Decor,3,3236.51,1.16,9708.37,Cash,East Amy
267,42,2024-07-02,101,Rice Bag,Home Decor,3,178.22,5.88,528.78,Credit Card,North Erin
268,227,2024-03-09,109,Curtains,Grocery,3,1658.62,6.29,4969.57,Net Banking,Donnastad
269,38,2023-10-03,103,Jeans,Grocery,1,3364.43,2.1,3362.33,Credit Card,Howardbury
270,108,2024-06-14,106,Jeans,Clothing,2,1035.07,2.18,2067.96,Debit Card,South Haroldton
271,9,2023-12-16,108,Laptop,Home Decor,4,373.85,18.94,1476.46,Cash,Andersontown
272,99,2024-07-15,108,Jeans,Sports,2,2813.18,5.5,5620.86,Credit Card,Michaelton
273,273,2024-12-20,106,Headphones,Home Decor,5,3169.81,14.16,15834.89,Credit Card,Lake Shellybury
274,170,2024-05-05,101,Football,Clothing,4,4205.31,15.91,16805.33,Net Banking,Bethport
275,253,2025-02-09,106,Curtains,Electronics,1,4706.31,9.48,4696.83,Net Banking,East Kristi
276,144,2024-04-23,108,Curtains,Home Decor,1,4548.2,8.13,4540.07,Debit Card,Hayesland
277,64,2024-02-10,103,Cooking Oil,Home Decor,3,2664.02,1.55,7990.51,Debit Card,Anthonyburgh
278,12,2024-10-19,103,Rice Bag,Clothing,5,2148.88,7.67,10736.73,Net Banking,South Nicolefurt
279,172,2024-05-14,105,Wall Clock,Clothing,2,904.27,11.08,1797.46,Cash,Michaelland
280,68,2025-01-24,106,Football,Grocery,3,1302.8,6.32,3902.08,Credit Card,Port Lauren
281,158,2024-12-14,109,Tennis Racket,Sports,1,526.43,0.12,526.31,Credit Card,East Elizabeth
282,122,2024-11-24,103,Curtains,Grocery,4,4300.77,2.84,17200.24,UPI,West Tracy
283,127,2024-02-29,101,Laptop,Electronics,5,2176.94,11.42,10873.28,Cash,West Craig
284,196,2024-09-28,101,Curtains,Grocery,1,2742.02,10.4,2731.62,Net Banking,Danielsmouth
285,157,2024-08-24,108,Headphones,Grocery,4,1661.45,17.52,6628.28,Credit Card,Jessicastad
286,121,2024-01-03,104,Cooking Oil,Home Decor,3,372.69,2.95,1115.12,Net Banking,South Jamesmouth
287,97,2023-11-05,102,Headphones,Grocery,1,1899.66,5.31,1894.35,Net Banking,Johnborough
288,215,2023-12-08,105,Laptop,Home Decor,1,934.81,15.1,919.71,Cash,West Lindsayland
289,137,2023-07-23,104,Tennis Racket,Home Decor,5,878.84,0.11,4394.09,Debit Card,Lake James
290,160,2024-12-20,109,Wall Clock,Home Decor,4,4463.95,9.36,17846.44,Net Banking,Robynshire
291,42,2025-06-01,102,Tennis Racket,Electronics,2,4936.19,4.97,9867.41,Credit Card,South Nicholashaven
292,62,2023-07-17,108,Jeans,Grocery,4,4223.48,15.32,16878.6,UPI,Myershaven
293,261,2025-06-15,103,Rice Bag,Home Decor,3,2557.01,0.48,7670.55,Cash,Alvarezborough
294,199,2024-03-19,106,Laptop,Grocery,3,1210.0,14.56,3615.44,Cash,North Michael
295,65,2024-02-28,101,T-shirt,Home Decor,3,790.8,11.65,2360.75,UPI,Lake Benjaminhaven
296,65,2024-08-03,109,Curtains,Clothing,4,4773.03,8.14,19083.98,Credit Card,Lake Eric
297,133,2023-07-14,105,Cooking Oil,Electronics,3,3898.29,14.27,11680.6,Debit Card,South Nicholas
298,297,2025-02-12,106,Football,Electronics,3,2716.33,18.42,8130.57,Credit Card,New Robert
299,74,2025-02-14,108,Wall Clock,Sports,2,4205.34,0.53,8410.15,Credit Card,West Susan
300,23,2024-01-29,109,Curtains,Electronics,5,1875.16,4.1,9371.7,Credit Card,South Carriestad
301,296,2025-05-29,110,Jeans,Clothing,1,2736.1,9.24,2726.86,UPI,Kevintown
302,190,2025-01-29,107,Tennis Racket,Electronics,2,4782.61,13.91,9551.31,Credit Card,West Markberg
303,180,2024-08-02,109,Curtains,Clothing,2,3916.17,3.74,7828.6,Debit Card,Christopherview
304,116,2025-05-24,106,Headphones,Electronics,1,871.91,10.04,861.87,Cash,Rubioville
305,188,2023-12-15,106,Football,Electronics,5,1076.82,15.67,5368.43,Debit Card,Veronicatown
306,161,2024-03-28,110,Wall Clock,Electronics,4,4872.26,5.31,19483.73,UPI,Calvinville
307,250,2024-08-15,105,Cooking Oil,Grocery,2,1771.48,16.13,3526.83,Cash,East Melissa
308,149,2024-01-26,105,Curtains,Grocery,4,2301.6,10.79,9195.61,Debit Card,Jacksonside
309,73,2024-10-04,108,Wall Clock,Grocery,5,3651.31,5.27,18251.28,UPI,New Joshuaburgh
310,167,2024-09-26,105,Laptop,Clothing,4,2121.83,8.53,8478.79,Debit Card,Hudsonborough
311,62,2024-09-09,108,Laptop,Grocery,3,581.58,18.86,1725.88,Credit Card,Port Rebeccaland
312,108,2025-06-19,104,Tennis Racket,Home Decor,2,3258.71,7.21,6510.21,UPI,Matthewmouth
313,130,2025-02-09,103,Football,Home Decor,1,2668.04,14.67,2653.37,Cash,Chapmanmouth
314,125,2024-07-15,109,Tennis Racket,Home Decor,4,4638.39,3.3,18550.26,Cash,West Kevin
315,274,2025-04-18,102,Football,Home Decor,1,3793.26,14.81,3778.45,Net Banking,Tracyfurt
316,185,2023-11-19,101,Headphones,Sports,5,2422.37,19.94,12091.91,Cash,New Kimberlybury
317,97,2024-09-04,101,Headphones,Home Decor,5,1105.87,4.93,5524.42,Cash,Brownhaven
318,35,2025-07-01,101,Laptop,Grocery,3,1824.71,6.74,5467.39,UPI,South Lindashire
319,98,2024-01-17,107,Wall Clock,Clothing,2,3954.94,18.75,7891.13,Credit Card,Port Seanmouth
320,289,2024-09-04,107,Rice Bag,Electronics,1,3800.99,3.58,3797.41,Credit Card,West Jay
321,5,2024-08-16,109,Jeans,Grocery,2,3995.88,10.62,7981.14,Net Banking,Mccallland
322,34,2023-12-09,101,Curtains,Sports,1,4678.25,14.33,4663.92,Cash,North Kristinaburgh
323,92,2025-05-10,103,Wall Clock,Home Decor,4,4770.93,17.47,19066.25,Debit Card,Bruceport
324,172,2024-02-03,103,Laptop,Electronics,2,106.4,0.3,212.5,UPI,West Jessica
325,6,2024-02-27,110,Jeans,Grocery,2,2504.4,12.83,4995.97,Cash,Lake Michelle
326,297,2023-12-10,101,Curtains,Grocery,5,4576.13,14.04,22866.61,Cash,Hestershire
327,182,2025-07-10,105,Tennis Racket,Electronics,5,4147.7,11.79,20726.71,Net Banking,West Daniel
328,85,2024-11-24,104,Cooking Oil,Clothing,4,3448.07,6.82,13785.46,UPI,Garciaburgh
329,87,2024-03-02,110,Rice Bag,Home Decor,4,949.45,17.61,3780.19,Credit Card,New Sandraton
330,7,2025-06-03,110,Jeans,Home Decor,4,1782.53,3.08,7127.04,UPI,East Carla
331,222,2024-11-06,104,Tennis Racket,Grocery,1,605.12,14.98,590.14,UPI,South Kristinabury
332,265,2024-11-18,102,T-shirt,Home Decor,2,3758.3,18.59,7498.01,Debit Card,Kruegerburgh
333,57,2024-05-01,107,Tennis Racket,Clothing,1,988.73,5.62,983.11,Debit Card,Jamesside
334,263,2024-10-21,107,Curtains,Clothing,2,1906.22,13.6,3798.84,Credit Card,North Stevenside
335,175,2024-07-15,106,Football,Clothing,3,1334.08,1.35,4000.89,Cash,New Courtney
336,277,2025-04-25,102,Cooking Oil,Clothing,2,459.12,17.99,900.25,Credit Card,Lake Samantha
337,300,2025-03-25,110,Laptop,Sports,1,284.23,12.5,271.73,Cash,North Patriciafurt
338,63,2024-05-24,103,Cooking Oil,Home Decor,1,3471.26,17.61,3453.65,Credit Card,Emilyville
339,136,2023-12-30,108,Wall Clock,Clothing,4,2745.62,18.5,10963.98,Cash,South Jeremymouth
340,3,2025-03-23,104,Curtains,Clothing,3,1894.5,16.22,5667.28,Debit Card,Robertshire
341,251,2025-02-23,107,Laptop,Home Decor,2,216.09,15.14,417.04,Debit Card,Christopherland
342,12,2023-12-17,102,T-shirt,Grocery,5,1283.11,14.53,6401.02,Cash,Sierramouth
343,54,2025-06-03,106,Rice Bag,Home Decor,1,2433.12,2.91,2430.21,Net Banking,Markhaven
344,89,2024-08-29,101,Wall Clock,Sports,3,1224.61,4.57,3669.26,UPI,Johnhaven
345,25,2024-03-17,103,Jeans,Electronics,4,4865.49,8.85,19453.11,Cash,East Brittneyfort
346,285,2023-07-31,107,Football,Electronics,1,1101.82,19.88,1081.94,Net Banking,East Nicole
347,289,2025-03-19,107,Jeans,Electronics,2,3295.5,5.49,6585.51,Debit Card,North Lindseyville
348,40,2024-03-02,103,Tennis Racket,Home Decor,1,720.29,12.0,708.29,Credit Card,Port Nicholas
349,56,2024-11-27,107,Rice Bag,Clothing,5,3115.12,9.57,15566.03,Debit Card,East Robertberg
350,80,2023-10-20,101,Cooking Oil,Clothing,4,3977.43,17.0,15892.72,Cash,Justinstad
351,49,2023-10-27,106,Wall Clock,Sports,4,665.66,14.72,2647.92,Credit Card,North Steven
352,254,2023-11-15,101,Laptop,Grocery,3,1151.59,8.69,3446.08,Credit Card,East Julia
353,12,2023-10-17,101,Headphones,Sports,3,3882.84,12.35,11636.17,Net Banking,East Jessicahaven
354,27,2024-10-26,103,Football,Electronics,1,3977.67,14.41,3963.26,Cash,Melanieshire
355,153,2023-11-13,106,Jeans,Sports,1,1618.69,7.17,1611.52,Debit Card,Christinebury
356,264,2025-04-15,105,Football,Grocery,1,1498.75,4.33,1494.42,Net Banking,Stanleybury
357,233,2024-03-17,110,Laptop,Sports,2,2483.24,14.67,4951.81,Cash,South Reneestad
358,175,2024-07-06,105,Laptop,Home Decor,4,835.91,1.33,3342.31,Net Banking,North Alexander
359,12,2024-02-12,104,Tennis Racket,Electronics,2,1491.01,17.12,2964.9,Credit Card,Johnville
360,119,2024-08-04,104,T-shirt,Electronics,3,255.56,11.68,755.0,Cash,Cruzfort
361,288,2023-11-10,104,Cooking Oil,Grocery,2,3669.59,18.37,7320.81,Cash,East Luke
362,101,2024-05-11,102,Laptop,Grocery,2,1872.46,13.89,3731.03,Cash,Jimenezberg
363,180,2024-12-25,106,T-shirt,Sports,2,2778.46,3.33,5553.59,Net Banking,South Alicia
364,161,2025-06-11,104,Rice Bag,Clothing,3,928.2,5.58,2779.02,Credit Card,East Earlport
365,1,2025-01-16,101,Wall Clock,Sports,1,3366.59,5.75,3360.84,Net Banking,North Josephshire
366,35,2025-06-12,102,Football,Sports,4,395.33,11.21,1570.11,Debit Card,North Christopher
367,184,2023-09-29,102,Headphones,Home Decor,1,4506.06,19.29,4486.77,Cash,North Jeffreymouth
368,238,2023-10-18,101,Rice Bag,Clothing,2,1980.48,8.62,3952.34,UPI,Taylorchester
369,234,2024-10-28,104,T-shirt,Grocery,4,1129.73,14.5,4504.42,Cash,Lopezhaven
370,159,2024-12-17,109,Cooking Oil,Sports,2,2449.46,19.46,4879.46,Net Banking,Michelechester
371,101,2025-05-07,110,Rice Bag,Sports,4,1670.88,18.31,6665.21,Cash,Garciamouth
372,239,2025-02-09,107,Rice Bag,Grocery,2,159.28,2.53,316.03,Credit Card,Hendersontown
373,123,2024-06-05,103,Football,Clothing,1,1558.36,9.22,1549.14,UPI,Lake Bethanyfurt
374,122,2025-01-02,103,Laptop,Electronics,3,2943.4,7.95,8822.25,Net Banking,New Christianshire
375,158,2024-03-28,107,Curtains,Sports,2,3135.08,6.9,6263.26,Net Banking,Joelfurt
376,237,2025-01-18,110,Laptop,Clothing,2,1483.0,9.54,2956.46,Credit Card,Weaverville
377,234,2024-06-29,106,Jeans,Clothing,3,3003.71,17.72,8993.41,Credit Card,South Caroline
378,172,2024-02-02,102,Curtains,Clothing,5,1545.16,13.76,7712.04,Credit Card,Kyleburgh
379,159,2023-09-05,101,Cooking Oil,Clothing,1,3396.66,12.22,3384.44,Debit Card,Lozanoville
380,30,2023-10-30,102,T-shirt,Home Decor,1,3403.92,4.8,3399.12,UPI,Gonzalezbury
381,37,2025-01-05,101,Jeans,Home Decor,5,3082.28,19.16,15392.24,Credit Card,South Devin
382,118,2024-05-11,109,Headphones,Grocery,2,4139.57,0.02,8279.12,Cash,Port Cindyberg
383,161,2024-03-15,101,Jeans,Grocery,5,2339.8,6.7,11692.3,UPI,South Jonathan
384,73,2024-01-12,103,T-shirt,Grocery,1,4715.43,4.54,4710.89,Credit Card,Colonland
385,54,2024-11-13,102,Jeans,Grocery,4,4585.76,15.98,18327.06,Cash,North Elizabeth
386,180,2023-09-06,103,Rice Bag,Sports,3,2686.67,19.42,8040.59,Credit Card,Martinezhaven
387,128,2024-06-01,109,Football,Clothing,3,2013.9,0.67,6041.03,Debit Card,New Davidhaven
388,15,2025-04-11,101,Laptop,Clothing,4,3786.96,10.23,15137.61,UPI,Johnview
389,24,2024-02-23,109,Tennis Racket,Home Decor,4,3085.55,1.45,12340.75,Cash,South Michael
390,85,2024-04-15,102,Tennis Racket,Grocery,1,4267.65,12.23,4255.42,Debit Card,Port James
391,107,2024-02-09,104,Jeans,Sports,2,4517.05,17.76,9016.34,UPI,New Charlesside
392,98,2024-12-16,109,Football,Electronics,2,2853.84,17.66,5690.02,UPI,North Susan
393,278,2024-12-08,109,Rice Bag,Sports,3,523.76,18.5,1552.78,Debit Card,Kennethchester
394,53,2024-08-14,104,Tennis Racket,Electronics,2,3842.53,19.91,7665.15,Credit Card,South Melissaville
395,165,2024-08-19,106,Rice Bag,Electronics,4,887.15,6.84,3541.76,Credit Card,Millerland
396,114,2025-05-26,107,Laptop,Grocery,3,3395.68,0.65,10186.39,Net Banking,Port Martin
397,183,2025-03-23,109,Curtains,Sports,1,2800.43,2.3,2798.13,Cash,Lake Angela
398,30,2023-10-18,102,Cooking Oil,Electronics,2,2842.34,17.77,5666.91,Net Banking,Tiffanyfort
399,269,2024-12-18,106,T-shirt,Electronics,1,4835.54,7.23,4828.31,Credit Card,Port Robert
400,171,2023-08-09,103,Laptop,Grocery,5,2925.05,13.69,14611.56,Net Banking,Oconnellbury
401,79,2023-09-20,110,Cooking Oil,Home Decor,1,1858.54,13.91,1844.63,Debit Card,Port Scotttown
402,66,2024-12-19,106,Football,Sports,5,3803.73,5.24,19013.41,Credit Card,Potterton
403,244,2023-09-06,103,Cooking Oil,Home Decor,3,1517.51,18.73,4533.8,Net Banking,East Kelly
404,41,2025-06-06,110,Curtains,Electronics,4,1687.21,0.06,6748.78,Debit Card,Hobbsbury
405,124,2024-06-08,109,Headphones,Grocery,4,2478.01,3.05,9908.99,Debit Card,Rodriguezview
406,75,2024-09-21,105,Tennis Racket,Home Decor,3,3380.76,8.01,10134.27,UPI,New Samanthaborough
407,50,2025-05-07,101,Jeans,Home Decor,4,2815.08,12.55,11247.77,UPI,Perezbury
408,170,2025-07-08,109,Curtains,Clothing,4,276.08,6.92,1097.4,UPI,Amandastad
409,213,2024-07-14,108,Rice Bag,Clothing,3,3510.59,16.06,10515.71,Credit Card,Martinside
410,245,2024-09-04,110,Football,Sports,4,3735.4,1.46,14940.14,Cash,North Travisshire
411,54,2025-01-22,106,Tennis Racket,Clothing,4,1054.49,10.78,4207.18,Cash,Port Joseph
412,268,2024-04-27,103,Laptop,Home Decor,5,4334.19,3.34,21667.61,Debit Card,South Robert
413,128,2025-03-04,105,Tennis Racket,Sports,1,3254.03,14.39,3239.64,UPI,New Kathrynport
414,111,2024-07-29,101,Curtains,Home Decor,5,2416.24,13.16,12068.04,Credit Card,New Breanna
415,283,2025-02-27,110,T-shirt,Clothing,3,4469.39,14.57,13393.6,UPI,West Stephen
416,158,2024-12-26,104,Tennis Racket,Home Decor,5,1585.85,4.29,7924.96,UPI,Janicefort
417,210,2024-03-30,102,T-shirt,Home Decor,4,352.48,5.88,1404.04,UPI,North Amy
418,110,2024-06-06,103,Curtains,Grocery,5,114.19,2.25,568.7,Debit Card,New Justin
419,220,2024-02-24,108,Curtains,Electronics,2,2590.5,2.46,5178.54,Cash,West Marymouth
420,238,2025-05-20,107,Jeans,Sports,2,3137.07,15.02,6259.12,Cash,Lake Rubenville
421,78,2023-08-04,101,Laptop,Grocery,4,3248.07,2.76,12989.52,Credit Card,Deniseshire
422,46,2025-04-29,105,Laptop,Home Decor,5,693.09,7.61,3457.84,UPI,Lake Megan
423,209,2024-07-17,108,Wall Clock,Grocery,2,2526.83,9.03,5044.63,Cash,Rodriguezchester
424,114,2024-09-05,104,Curtains,Home Decor,3,2668.73,8.29,7997.9,Debit Card,Lake Steven
425,72,2024-06-14,104,Laptop,Electronics,4,445.02,6.29,1773.79,UPI,Shieldschester
426,190,2025-04-19,106,Jeans,Clothing,5,1423.01,15.9,7099.15,Debit Card,East Connieville
427,46,2025-04-24,106,Headphones,Grocery,5,2316.6,9.94,11573.06,Credit Card,Chrisborough
428,148,2025-06-11,110,T-shirt,Sports,5,3017.65,3.64,15084.61,Debit Card,East Stacyview
429,281,2024-04-20,102,Curtains,Clothing,3,1386.36,14.64,4144.44,UPI,West Rayhaven
430,89,2024-09-21,108,Wall Clock,Sports,2,598.43,17.74,1179.12,Credit Card,Martineztown
431,80,2025-02-21,108,Jeans,Clothing,2,263.46,10.49,516.43,Net Banking,Wagnermouth
432,268,2024-11-14,110,Curtains,Grocery,1,301.13,12.59,288.54,Credit Card,Toddfurt
433,184,2024-08-18,110,Cooking Oil,Clothing,4,1431.09,9.34,5715.02,UPI,West Jacqueline
434,257,2025-06-17,101,T-shirt,Electronics,2,1744.74,16.36,3473.12,Cash,New Gregory
435,72,2025-04-09,103,Laptop,Electronics,3,2910.78,17.04,8715.3,Credit Card,Bradmouth
436,277,2023-11-10,102,Headphones,Clothing,1,4111.18,12.58,4098.6,Cash,Meyersport
437,231,2025-02-13,104,Curtains,Home Decor,1,1135.09,16.55,1118.54,Cash,New Christopher
438,42,2023-10-30,105,Jeans,Electronics,2,4774.27,6.55,9541.99,UPI,Swansonmouth
439,87,2023-08-18,101,Football,Grocery,1,1662.14,11.39,1650.75,Credit Card,Lake Johnview
440,237,2024-11-29,109,Wall Clock,Sports,4,1380.89,18.86,5504.7,Net Banking,Jenniferfurt
441,295,2024-11-23,103,Rice Bag,Grocery,4,2726.93,7.89,10899.83,Debit Card,New Jenniferfort
442,101,2024-08-10,103,Headphones,Sports,1,1161.71,17.85,1143.86,Net Banking,North Thomasborough
443,106,2023-12-11,110,Headphones,Home Decor,3,2886.34,4.38,8654.64,Credit Card,Lake Mathew
444,209,2024-04-29,107,Curtains,Home Decor,5,1440.1,14.25,7186.25,Net Banking,Lake Jason
445,195,2023-11-08,106,Wall Clock,Sports,2,1490.47,8.6,2972.34,UPI,East Gregfort
446,157,2023-12-16,101,Rice Bag,Electronics,4,3266.46,19.19,13046.65,Net Banking,Williamsfort
447,276,2023-11-03,108,Laptop,Home Decor,2,2001.11,11.4,3990.82,Net Banking,New Matthew
448,276,2023-11-23,102,Tennis Racket,Home Decor,1,1606.72,15.92,1590.8,Credit Card,North Holly
449,81,2023-11-22,108,Wall Clock,Clothing,4,4459.35,10.31,17827.09,UPI,East Michelleland
450,131,2023-11-14,104,T-shirt,Sports,2,488.63,6.71,970.55,Credit Card,Crystalbury
451,68,2024-04-06,105,Rice Bag,Home Decor,5,3625.85,9.12,18120.13,Cash,South Jamesville
452,136,2025-03-26,101,Wall Clock,Sports,5,442.71,6.49,2207.06,Debit Card,East Jessica
453,212,2024-10-03,101,Headphones,Clothing,2,1102.49,0.33,2204.65,Debit Card,New Todd
454,235,2024-05-13,101,Curtains,Clothing,2,2765.51,7.51,5523.51,Credit Card,South Ashley
455,246,2024-09-14,110,Jeans,Grocery,1,736.52,15.98,720.54,Debit Card,Lake Derrick
456,49,2024-01-09,109,Jeans,Sports,5,2847.86,10.97,14228.33,UPI,West Williamstad
457,169,2024-01-28,105,Laptop,Electronics,2,4604.79,8.62,9200.96,UPI,Proctorstad
458,13,2024-01-09,106,Laptop,Sports,1,3035.8,4.31,3031.49,Net Banking,Gonzalesmouth
459,91,2023-10-27,101,Cooking Oil,Clothing,5,4641.32,3.32,23203.28,UPI,Rosefort
460,196,2025-04-22,109,Football,Grocery,4,1987.01,9.53,7938.51,Debit Card,Millerland
461,7,2023-09-15,108,Headphones,Home Decor,4,4754.76,7.66,19011.38,Debit Card,Kelleyborough
462,11,2024-10-11,107,Tennis Racket,Clothing,4,2562.97,10.13,10241.75,UPI,Danton
463,36,2024-02-01,106,T-shirt,Grocery,3,3009.15,5.31,9022.14,Net Banking,Sullivanfort
464,63,2024-02-05,110,Curtains,Grocery,1,659.99,11.44,648.55,Credit Card,Morganmouth
465,158,2025-05-11,108,Rice Bag,Grocery,1,1654.67,6.15,1648.52,Net Banking,Johnsonside
466,165,2024-10-01,102,Jeans,Home Decor,2,3472.43,6.61,6938.25,UPI,South Isaacland
467,71,2023-07-21,101,Football,Grocery,2,2854.02,6.87,5701.17,Debit Card,Johnsonhaven
468,225,2024-01-06,101,Tennis Racket,Home Decor,2,1751.9,15.99,3487.81,UPI,Rileyton
469,126,2024-05-15,102,Curtains,Electronics,2,3191.04,2.92,6379.16,UPI,Harrellhaven
470,180,2023-12-24,104,T-shirt,Home Decor,5,4694.41,19.57,23452.48,Credit Card,Port Billyland
471,38,2023-09-08,102,Cooking Oil,Sports,4,1239.63,7.23,4951.29,Cash,North Edward
472,224,2024-02-02,110,Laptop,Sports,4,3709.04,6.22,14829.94,UPI,Holmesmouth
473,275,2025-02-18,108,Cooking Oil,Electronics,2,1690.16,0.5,3379.82,Cash,Port Jamesport
474,23,2024-04-16,104,Tennis Racket,Grocery,4,3791.19,17.11,15147.65,Credit Card,Blanchardfort
475,225,2023-08-31,107,Tennis Racket,Home Decor,3,2021.64,19.6,6045.32,Credit Card,North Hunter
476,70,2024-11-08,104,Wall Clock,Clothing,4,1225.03,11.77,4888.35,Net Banking,South James
477,192,2024-03-03,101,T-shirt,Clothing,4,4068.03,13.33,16258.79,Net Banking,Ashleymouth
478,96,2024-08-13,103,Rice Bag,Home Decor,5,4365.55,19.09,21808.66,Net Banking,Cuevasborough
479,32,2024-09-12,101,Laptop,Grocery,2,4179.01,15.73,8342.29,Cash,Lake Lauraport
480,9,2025-04-23,107,Curtains,Clothing,2,274.71,2.2,547.22,Debit Card,Olsonmouth
481,217,2025-02-09,109,Cooking Oil,Clothing,4,2261.22,5.45,9039.43,Credit Card,East Georgeland
482,61,2025-03-22,102,Cooking Oil,Clothing,4,1111.58,16.69,4429.63,Debit Card,Racheltown
483,287,2024-10-09,108,Curtains,Home Decor,3,4194.54,8.85,12574.77,Credit Card,New Ericport
484,210,2025-05-11,109,Tennis Racket,Grocery,1,2757.1,7.95,2749.15,UPI,Stewartland
485,89,2024-02-20,102,Football,Electronics,4,1592.05,16.2,6352.0,Cash,Joefort
486,36,2023-09-14,110,Football,Clothing,5,4550.7,2.48,22751.02,Debit Card,South Alexisbury
487,77,2024-11-30,105,Wall Clock,Electronics,3,3028.92,14.14,9072.62,UPI,Murphyside
488,279,2024-02-22,105,Laptop,Home Decor,5,4594.72,19.05,22954.55,Cash,West Mary
489,104,2023-07-15,107,Headphones,Home Decor,4,4404.13,7.71,17608.81,Debit Card,Kevinstad
490,78,2023-07-24,106,Cooking Oil,Clothing,2,4347.6,17.19,8678.01,Credit Card,South Robertburgh
491,127,2025-06-02,105,Jeans,Electronics,2,1208.56,5.58,2411.54,Net Banking,New Destiny
492,137,2023-09-21,104,Tennis Racket,Electronics,4,4717.31,8.17,18861.07,UPI,North Nathanchester
493,113,2024-07-10,101,Wall Clock,Grocery,5,116.26,11.44,569.86,Credit Card,East Joshuafurt
494,64,2024-05-24,107,Laptop,Grocery,3,4787.63,10.43,14352.46,Debit Card,Jayburgh
495,63,2023-07-30,109,Football,Home Decor,4,844.04,2.29,3373.87,Net Banking,Flemingport
496,85,2024-04-02,107,Tennis Racket,Grocery,1,3548.05,14.96,3533.09,Credit Card,Brandyview
497,21,2024-03-10,103,Curtains,Electronics,4,3933.99,12.02,15723.94,Cash,Gomezton
498,126,2024-07-30,110,T-shirt,Electronics,1,3508.43,3.89,3504.54,Cash,Simpsonmouth
499,229,2024-12-12,101,Wall Clock,Home Decor,5,4539.98,17.18,22682.72,Credit Card,Kennedyton
500,36,2023-12-02,108,Jeans,Grocery,2,1871.36,3.86,3738.86,Credit Card,Boltonhaven
501,98,2024-06-05,108,Rice Bag,Home Decor,4,4041.08,1.04,16163.28,Debit Card,East Jessica
502,140,2024-01-10,110,Laptop,Clothing,2,3826.52,13.94,7639.1,UPI,Danielfurt
503,230,2024-11-29,107,Wall Clock,Sports,1,3148.56,13.47,3135.09,Cash,Shirleyfort
504,45,2024-04-14,107,Jeans,Electronics,5,1340.57,8.38,6694.47,Credit Card,Port Michael
505,276,2023-12-26,102,Cooking Oil,Electronics,5,4847.17,14.07,24221.78,Cash,Terriberg
506,97,2024-12-25,105,Headphones,Home Decor,3,4430.26,5.86,13284.92,Credit Card,South Leslie
507,172,2023-12-10,105,Headphones,Electronics,4,1874.74,6.17,7492.79,Credit Card,East Dianeport
508,140,2023-09-20,101,Football,Electronics,4,450.12,0.98,1799.5,Cash,Lauraside
509,16,2024-05-27,102,Wall Clock,Home Decor,5,301.22,14.07,1492.03,Net Banking,Acostaburgh
510,43,2024-09-14,107,Tennis Racket,Clothing,2,2345.29,7.75,4682.83,UPI,Lake Melissafurt
511,84,2025-04-09,108,Laptop,Sports,4,172.17,5.61,683.07,Net Banking,North Jeffrey
512,112,2025-05-26,101,Rice Bag,Electronics,1,4963.9,15.01,4948.89,Cash,West Trevor
513,147,2024-12-25,102,Curtains,Home Decor,2,4350.09,3.84,8696.34,UPI,North Ericshire
514,163,2023-09-17,105,Headphones,Electronics,3,3164.4,18.7,9474.5,Credit Card,Jacksonton
515,297,2024-04-27,106,Football,Home Decor,4,4077.87,12.72,16298.76,UPI,Bradshawport
516,60,2023-09-27,107,T-shirt,Sports,3,2779.35,13.96,8324.09,UPI,Allisonton
517,102,2023-08-24,103,T-shirt,Sports,3,2303.68,4.61,6906.43,UPI,North Andrewfurt
518,294,2023-11-04,102,Wall Clock,Clothing,5,4842.55,12.72,24200.03,Credit Card,West Amytown
519,279,2024-07-27,104,Football,Grocery,3,4963.02,13.87,14875.19,Cash,Murrayhaven
520,30,2024-04-06,109,Wall Clock,Grocery,1,3215.8,4.12,3211.68,Debit Card,Teresaburgh
521,125,2023-07-28,105,Rice Bag,Home Decor,4,3077.43,11.4,12298.32,Net Banking,Lake Shellyville
522,209,2024-07-13,102,Jeans,Electronics,4,2509.49,7.47,10030.49,UPI,East Randall
523,39,2024-02-27,106,Curtains,Sports,3,2119.32,8.51,6349.45,UPI,Gibbsborough
524,218,2025-03-14,102,Football,Home Decor,3,3166.37,18.3,9480.81,UPI,Lake Judymouth
525,104,2023-08-25,101,Laptop,Grocery,1,3516.35,2.36,3513.99,Net Banking,Dylanchester
526,109,2024-09-05,109,Laptop,Electronics,3,1697.96,13.82,5080.06,Credit Card,Troystad
527,11,2025-04-08,106,T-shirt,Grocery,2,915.56,13.95,1817.17,Debit Card,Dixonfort
528,88,2023-09-12,108,Cooking Oil,Electronics,3,706.83,12.66,2107.83,Debit Card,New Sara
529,179,2024-09-10,103,Jeans,Home Decor,1,4748.99,0.62,4748.37,Cash,Jamesfort
530,152,2024-11-13,104,Wall Clock,Clothing,5,126.39,1.49,630.46,Cash,East Katie
531,7,2023-10-04,109,Tennis Racket,Grocery,3,3727.14,15.06,11166.36,Debit Card,Lewisport
532,99,2025-04-18,106,Jeans,Clothing,1,2490.16,12.18,2477.98,UPI,Edwardsburgh
533,64,2024-02-21,108,Jeans,Grocery,3,810.34,15.41,2415.61,Net Banking,Hugheschester
534,175,2025-01-13,101,Football,Home Decor,5,4831.96,12.74,24147.06,Credit Card,Johnnytown
535,208,2023-08-17,107,Jeans,Home Decor,2,4970.28,10.75,9929.81,Debit Card,Port Davidchester
536,140,2024-10-14,107,Football,Electronics,3,2862.86,16.24,8572.34,Cash,Katherinetown
537,9,2024-07-31,108,Headphones,Home Decor,3,4820.73,13.48,14448.71,Cash,Lake Michaeltown
538,97,2025-05-13,104,Cooking Oil,Grocery,1,3473.46,2.04,3471.42,Debit Card,Loriberg
539,57,2023-09-05,107,Headphones,Grocery,3,3983.19,19.28,11930.29,UPI,South Danny
540,167,2024-03-20,106,Rice Bag,Grocery,5,1594.37,9.65,7962.2,Debit Card,West Timothy
541,184,2023-09-06,103,Rice Bag,Home Decor,4,4514.34,6.59,18050.77,UPI,Paulshire
542,208,2024-12-28,105,Rice Bag,Home Decor,2,4656.33,16.38,9296.28,Debit Card,Castillostad
543,201,2025-02-23,106,Curtains,Sports,2,2751.09,4.72,5497.46,Credit Card,Beckport
544,220,2024-05-06,105,Curtains,Grocery,2,3512.69,13.53,7011.85,Debit Card,New Thomaschester
545,37,2023-11-30,102,Laptop,Sports,4,3650.29,8.7,14592.46,Debit Card,Mcclainborough
546,285,2024-04-20,101,Football,Grocery,4,3354.69,10.35,13408.41,Net Banking,East Amanda
547,53,2023-10-21,105,T-shirt,Grocery,2,3884.89,2.13,7767.65,Cash,Palmerhaven
548,28,2023-08-28,101,Football,Home Decor,5,3134.11,7.42,15663.13,Credit Card,Lake Ianbury
549,94,2023-08-17,103,Jeans,Sports,1,3517.86,9.0,3508.86,Credit Card,East Angelaberg
550,63,2024-07-06,103,Headphones,Home Decor,1,2586.01,18.4,2567.61,UPI,Leahchester
551,71,2023-09-26,109,Rice Bag,Clothing,3,2178.57,8.42,6527.29,Cash,New Cliffordshire
552,103,2024-06-12,106,Headphones,Home Decor,2,1143.02,3.82,2282.22,Cash,East Cheryl
553,265,2023-11-27,109,T-shirt,Electronics,3,4241.48,5.29,12719.15,Debit Card,Jessicachester
554,299,2025-07-03,110,Jeans,Home Decor,2,4519.97,6.49,9033.45,UPI,Kingside
555,88,2024-04-01,108,Curtains,Grocery,2,4629.01,16.5,9241.52,Debit Card,New William
556,189,2024-11-02,105,Curtains,Clothing,1,774.3,10.69,763.61,Cash,Williamton
557,54,2023-11-05,106,T-shirt,Clothing,4,1002.71,19.72,3991.12,Credit Card,Cindyshire
558,74,2025-04-12,101,Headphones,Grocery,1,2146.32,12.52,2133.8,Debit Card,Martineztown
559,108,2024-07-21,109,Rice Bag,Sports,2,3095.19,2.02,6188.36,Net Banking,Byrdport
560,191,2023-07-16,105,Headphones,Home Decor,5,4222.44,16.94,21095.26,Credit Card,Christopherborough
561,182,2023-09-01,102,Jeans,Home Decor,4,4508.76,14.11,18020.93,Cash,West Tracy
562,240,2024-04-18,101,Jeans,Electronics,2,2662.26,1.94,5322.58,Debit Card,Jessicatown
563,27,2023-09-02,109,Rice Bag,Sports,3,1829.23,11.86,5475.83,UPI,Lake Brookeberg
564,228,2024-06-15,108,Headphones,Grocery,3,3439.7,6.9,10312.2,UPI,Erinfort
565,45,2025-02-03,102,Rice Bag,Home Decor,4,107.47,6.82,423.06,Debit Card,Port Erinborough
566,125,2024-12-02,108,Laptop,Electronics,1,1533.85,15.07,1518.78,Credit Card,South Ronaldstad
567,69,2025-06-22,105,Cooking Oil,Electronics,3,1096.93,14.94,3275.85,UPI,South Sara
568,205,2025-03-31,106,Football,Electronics,1,1004.06,18.96,985.1,Debit Card,Michellefort
569,288,2023-12-28,109,Jeans,Electronics,2,2808.37,8.23,5608.51,UPI,Lake Matthew
570,37,2024-06-24,103,Curtains,Clothing,5,3602.04,9.13,18001.07,UPI,Teresabury
571,200,2025-03-10,107,Tennis Racket,Home Decor,5,1669.53,8.46,8339.19,Credit Card,Johnsonport
572,177,2023-08-12,102,Laptop,Home Decor,1,681.83,1.87,679.96,Cash,Port Ericview
573,200,2024-12-17,110,Cooking Oil,Grocery,5,1355.27,13.45,6762.9,UPI,Travisview
574,237,2024-02-19,105,Cooking Oil,Electronics,2,3311.47,8.22,6614.72,Debit Card,Austinberg
575,237,2025-01-17,109,T-shirt,Electronics,3,1100.87,8.04,3294.57,Net Banking,Frankmouth
576,251,2023-07-24,106,Football,Sports,2,4187.28,17.23,8357.33,UPI,Port David
577,282,2024-03-31,108,Jeans,Clothing,3,3586.4,0.13,10759.07,UPI,Pottsport
578,185,2023-08-19,108,Cooking Oil,Clothing,3,516.37,6.28,1542.83,UPI,West Lisa
579,150,2023-07-22,106,Wall Clock,Home Decor,4,359.58,7.81,1430.51,Cash,New Jason
580,94,2024-10-16,107,Wall Clock,Home Decor,1,455.95,5.89,450.06,Cash,South Karenland
581,137,2024-11-18,103,Cooking Oil,Home Decor,1,2377.72,1.72,2376.0,UPI,Adrianville
582,261,2024-08-14,109,Wall Clock,Home Decor,1,3657.9,12.87,3645.03,Net Banking,Jamiemouth
583,32,2023-12-30,108,Football,Grocery,4,389.52,13.31,1544.77,Debit Card,Sherrymouth
584,122,2024-12-20,101,T-shirt,Sports,1,1795.62,3.38,1792.24,Credit Card,New Tyler
585,128,2025-02-26,102,Curtains,Electronics,3,4990.64,2.55,14969.37,UPI,Carneyfort
586,251,2024-03-03,103,T-shirt,Grocery,5,4963.23,9.87,24806.28,Credit Card,East John
587,31,2024-05-19,101,T-shirt,Electronics,2,4693.96,6.23,9381.69,Debit Card,South Matthew
588,27,2024-02-08,104,Tennis Racket,Electronics,3,1606.4,13.49,4805.71,UPI,Dillonchester
589,212,2023-08-30,105,Football,Home Decor,1,2060.63,15.85,2044.78,Net Banking,Jonesburgh
590,297,2024-08-04,110,T-shirt,Clothing,2,1830.23,8.12,3652.34,Credit Card,Port Carolland
591,286,2024-03-07,109,Rice Bag,Electronics,3,3451.47,13.76,10340.65,Debit Card,Lake Billyburgh
592,194,2023-11-07,107,Jeans,Electronics,4,2306.11,6.04,9218.4,Credit Card,Lake Cynthia
593,33,2024-12-18,105,Cooking Oil,Sports,3,919.09,1.38,2755.89,Cash,Lake Johnburgh
594,169,2024-09-02,110,Jeans,Sports,2,3025.68,9.4,6041.96,Cash,Harrisshire
595,195,2025-03-15,104,Football,Electronics,2,3598.82,13.9,7183.74,Cash,Mclaughlinborough
596,42,2025-03-11,110,Rice Bag,Sports,1,1107.16,0.83,1106.33,Net Banking,Avilaport
597,139,2023-08-03,110,Cooking Oil,Grocery,1,411.79,16.22,395.57,Credit Card,Thomaston
598,152,2025-02-16,103,Wall Clock,Sports,2,416.25,4.93,827.57,Net Banking,Jamesstad
599,18,2024-06-17,106,Laptop,Sports,3,3720.59,17.24,11144.53,Cash,Port Erik
600,32,2024-10-30,102,Rice Bag,Grocery,3,2357.86,6.04,7067.54,Credit Card,South Matthew
601,11,2025-02-07,110,Curtains,Sports,2,291.9,12.38,571.42,UPI,East Laura
602,271,2024-06-25,109,Headphones,Sports,5,723.37,17.42,3599.43,Credit Card,Powellburgh
603,57,2024-07-02,102,Tennis Racket,Home Decor,3,3805.86,14.23,11403.35,Credit Card,Mayburgh
604,221,2024-01-07,104,Laptop,Clothing,4,3219.09,2.6,12873.76,Credit Card,Wilkinsstad
605,88,2024-09-06,106,Rice Bag,Sports,5,1201.81,13.09,5995.96,Net Banking,North John
606,217,2023-09-28,110,Laptop,Clothing,1,433.32,2.14,431.18,Net Banking,New Anna
607,19,2025-03-29,110,Curtains,Clothing,4,2109.71,6.45,8432.39,Cash,West Robert
608,286,2025-03-25,104,Rice Bag,Sports,5,4980.94,12.21,24892.49,UPI,Lake Jason
609,128,2024-10-31,109,Headphones,Electronics,3,528.85,10.75,1575.8,Cash,Port Danaville
610,198,2025-05-01,104,Rice Bag,Sports,1,3939.44,4.05,3935.39,Cash,West Susanville
611,38,2024-08-07,102,Curtains,Sports,4,2585.39,6.49,10335.07,Cash,North Thomasstad
612,132,2024-08-30,105,Cooking Oil,Home Decor,5,976.99,8.41,4876.54,Net Banking,Blackwellmouth
613,166,2024-11-16,106,Tennis Racket,Home Decor,5,1779.25,11.78,8884.47,Net Banking,Smithland
614,194,2023-12-12,103,Football,Sports,3,4362.46,8.42,13078.96,Net Banking,East Bradley
615,81,2024-08-03,104,Headphones,Electronics,3,4725.42,5.52,14170.74,Debit Card,Port Dorisberg
616,201,2024-01-24,103,Rice Bag,Grocery,2,4072.08,3.14,8141.02,Net Banking,Manntown
617,54,2024-08-04,110,Football,Grocery,2,3286.06,16.72,6555.4,Credit Card,Lake Jeffery
618,72,2023-11-04,110,Headphones,Grocery,1,3100.27,15.97,3084.3,Net Banking,Rachelberg
619,288,2023-08-07,107,Tennis Racket,Electronics,2,405.97,8.37,803.57,Cash,Donaldfurt
620,216,2024-04-20,107,T-shirt,Clothing,2,1169.96,16.25,2323.67,Credit Card,Jasonchester
621,129,2024-01-20,107,Football,Sports,1,1156.54,4.73,1151.81,Cash,New Chadburgh
622,24,2023-08-17,106,Rice Bag,Home Decor,1,1941.5,18.56,1922.94,UPI,Andrewport
623,177,2024-11-17,110,Jeans,Electronics,2,868.4,11.18,1725.62,Cash,North Jasonton
624,288,2025-02-11,110,Cooking Oil,Grocery,2,4496.71,13.1,8980.32,Debit Card,Jamesburgh
625,106,2024-11-21,104,Headphones,Grocery,5,4594.97,0.87,22973.98,Debit Card,Raychester
626,37,2024-10-13,104,Rice Bag,Clothing,5,3680.06,1.68,18398.62,Cash,Hawkinsville
627,70,2024-01-13,110,Football,Electronics,3,1028.29,12.49,3072.38,Net Banking,Lindseymouth
628,125,2025-06-04,106,Rice Bag,Grocery,4,3659.88,11.22,14628.3,UPI,Judystad
629,245,2024-03-26,102,Football,Electronics,5,125.21,7.92,618.13,Debit Card,Port Williamview
630,159,2024-03-18,105,Jeans,Grocery,5,955.28,17.2,4759.2,Cash,Grahammouth
631,25,2025-02-05,105,Laptop,Home Decor,3,3793.06,5.1,11374.08,Cash,Brownborough
632,228,2024-12-09,102,Cooking Oil,Grocery,5,1887.19,10.08,9425.87,UPI,Krystalberg
633,177,2024-11-27,106,Laptop,Sports,2,2409.24,8.84,4809.64,Net Banking,Cynthiaport
634,283,2024-11-02,110,Wall Clock,Grocery,1,4932.49,8.74,4923.75,UPI,Owensmouth
635,199,2024-10-26,106,Football,Grocery,1,512.66,14.74,497.92,Debit Card,Grantville
636,99,2024-07-26,108,Curtains,Sports,3,4533.38,13.43,13586.71,Cash,South Daniel
637,46,2024-04-27,102,Wall Clock,Clothing,3,827.27,0.84,2480.97,Cash,Bruceport
638,77,2024-12-17,110,Jeans,Electronics,2,4176.65,5.89,8347.41,Credit Card,Nguyenchester
639,176,2023-09-30,101,Rice Bag,Electronics,2,3593.22,18.42,7168.02,Credit Card,Patriciachester
640,215,2025-03-11,108,Headphones,Grocery,3,3003.73,1.88,9009.31,Debit Card,New Joshuaborough
641,130,2023-10-09,109,Cooking Oil,Electronics,1,2198.71,12.16,2186.55,Debit Card,Katherinemouth
642,250,2024-09-15,106,Jeans,Grocery,5,4125.87,3.48,20625.87,Net Banking,Newtonbury
643,15,2023-09-23,104,T-shirt,Grocery,5,910.93,19.54,4535.11,Credit Card,Curtisfort
644,120,2024-03-09,104,Football,Electronics,4,3884.58,14.95,15523.37,UPI,Sabrinafort
645,24,2024-11-23,106,Rice Bag,Electronics,3,2249.58,3.33,6745.41,Credit Card,Toddberg
646,78,2024-12-17,101,Football,Home Decor,5,4788.57,10.94,23931.91,Cash,Wiseshire
647,241,2023-12-30,110,Rice Bag,Clothing,1,4958.87,0.21,4958.66,Cash,Lake Melissa
648,34,2023-11-07,110,Tennis Racket,Home Decor,3,3853.8,16.74,11544.66,UPI,Lake Jeffery
649,35,2025-03-06,105,T-shirt,Electronics,1,2078.1,15.61,2062.49,Debit Card,Torreshaven
650,228,2024-09-02,108,Wall Clock,Grocery,4,4863.91,5.67,19449.97,Credit Card,South Erinchester
651,226,2024-06-22,105,Curtains,Clothing,4,798.55,7.6,3186.6,Credit Card,New Jasonville
652,223,2024-06-21,104,Jeans,Clothing,4,4547.54,10.32,18179.84,Credit Card,Sandovalmouth
653,103,2024-08-14,103,Wall Clock,Electronics,1,2307.29,1.37,2305.92,UPI,North Heatherchester
654,105,2024-11-22,106,Wall Clock,Grocery,4,3051.25,12.94,12192.06,Net Banking,Michaelfort
655,171,2024-04-17,107,Rice Bag,Clothing,2,251.66,0.44,502.88,Credit Card,Julieport
656,283,2024-09-02,103,Headphones,Clothing,5,1380.88,5.42,6898.98,Debit Card,Benjaminside
657,249,2025-04-07,108,Tennis Racket,Electronics,4,1684.3,12.71,6724.49,Credit Card,Mcdowellport
658,180,2023-09-11,110,Football,Home Decor,4,4173.05,0.09,16692.11,Debit Card,Mathewmouth
659,205,2025-06-25,104,Football,Electronics,4,4418.53,5.93,17668.19,Net Banking,East William
660,137,2024-12-22,106,T-shirt,Home Decor,2,2465.0,17.12,4912.88,Cash,East Alishaview
661,51,2024-10-12,110,Rice Bag,Electronics,5,2911.06,5.79,14549.51,UPI,Carrollton
662,169,2025-01-28,103,Curtains,Sports,4,936.35,15.44,3729.96,Credit Card,South Mark
663,68,2024-09-20,109,T-shirt,Electronics,3,4889.2,0.42,14667.18,Credit Card,Jamesfurt
664,128,2023-11-12,103,Rice Bag,Grocery,3,267.44,3.78,798.54,Credit Card,West Jameschester
665,79,2024-07-05,104,T-shirt,Home Decor,5,1300.8,19.51,6484.49,Debit Card,Warrenland
666,252,2025-04-05,103,Jeans,Sports,2,3125.28,3.34,6247.22,Cash,Jaimechester
667,119,2024-01-14,103,Curtains,Sports,2,3439.91,4.67,6875.15,Net Banking,North Christinechester
668,205,2024-05-23,107,Football,Sports,4,4690.08,15.48,18744.84,Cash,North Feliciamouth
669,255,2023-08-28,107,Jeans,Clothing,3,2583.07,14.68,7734.53,Credit Card,Port James
670,117,2024-04-18,109,Cooking Oil,Grocery,2,162.27,7.94,316.6,Cash,West Jimmyville
671,121,2024-06-17,109,T-shirt,Grocery,2,2212.33,18.82,4405.84,Net Banking,South Mariahbury
672,35,2023-09-21,104,Football,Sports,3,4687.1,2.46,14058.84,Credit Card,South Candaceburgh
673,246,2024-07-06,103,Cooking Oil,Home Decor,1,4653.36,0.25,4653.11,Debit Card,Erinbury
674,136,2024-10-27,107,Tennis Racket,Electronics,3,2620.14,2.03,7858.39,Net Banking,Port Jeremy
675,244,2023-12-16,102,Football,Clothing,3,403.45,15.92,1194.43,UPI,Lake Manuel
676,281,2024-07-11,102,T-shirt,Sports,4,766.08,5.73,3058.59,Net Banking,Port Patrick
677,33,2025-03-12,108,Laptop,Grocery,1,1653.61,9.23,1644.38,UPI,Port Robertland
678,47,2023-11-01,109,Headphones,Home Decor,3,3070.94,6.8,9206.02,Credit Card,East Erica
679,286,2023-09-06,103,Tennis Racket,Grocery,1,4999.29,11.42,4987.87,UPI,South Dawn
680,60,2024-11-12,108,Cooking Oil,Electronics,5,3183.28,9.07,15907.33,Credit Card,Lake Kerrybury
681,13,2023-09-06,101,Wall Clock,Electronics,1,1331.84,6.91,1324.93,Net Banking,South Roberttown
682,240,2024-06-14,106,Headphones,Sports,2,2397.21,7.94,4786.48,Cash,Pachecoport
683,274,2025-04-13,105,Laptop,Home Decor,5,1231.25,2.95,6153.3,Credit Card,Mezaborough
684,47,2024-11-05,107,Cooking Oil,Electronics,3,3331.23,18.74,9974.95,Net Banking,East Dale
685,99,2025-01-23,110,Rice Bag,Clothing,1,2558.91,1.16,2557.75,UPI,South Luke
686,189,2024-07-16,102,Laptop,Electronics,1,2738.73,13.55,2725.18,Cash,Johnburgh
687,163,2025-04-17,104,Tennis Racket,Home Decor,4,4602.87,6.84,18404.64,Net Banking,Jenniferborough
688,275,2024-12-13,105,Headphones,Clothing,4,4194.25,8.9,16768.1,Cash,East Jamesfurt
689,197,2024-10-26,110,Cooking Oil,Clothing,3,4143.16,3.41,12426.07,Cash,Lake John
690,9,2024-11-21,103,Rice Bag,Electronics,3,4891.34,1.37,14672.65,Credit Card,Lake Steveside
691,82,2024-07-19,101,Tennis Racket,Clothing,5,3631.75,12.49,18146.26,Net Banking,Rachelville
692,15,2024-07-08,108,Tennis Racket,Grocery,1,3985.73,5.27,3980.46,Debit Card,Lake Evelyn
693,29,2024-11-09,105,Jeans,Home Decor,5,1170.0,2.04,5847.96,Credit Card,Reesestad
694,177,2025-04-21,105,Football,Home Decor,3,2234.52,14.45,6689.11,UPI,Brianville
695,25,2024-10-26,109,Football,Home Decor,2,1055.8,2.45,2109.15,UPI,Isaiahbury
696,97,2025-01-18,107,Curtains,Sports,2,2107.54,19.54,4195.54,UPI,South Tamarachester
697,231,2024-06-01,108,T-shirt,Home Decor,5,1231.31,18.48,6138.07,Credit Card,North Jessicabury
698,3,2023-11-10,102,Wall Clock,Sports,5,4878.26,14.46,24376.84,Net Banking,Lake Debrabury
699,238,2025-02-18,106,Curtains,Home Decor,1,141.34,12.5,128.84,Debit Card,Linberg
700,140,2024-01-27,105,Rice Bag,Sports,5,4821.44,14.64,24092.56,Net Banking,Marychester
701,69,2023-12-10,102,T-shirt,Electronics,5,4795.02,16.16,23958.94,Debit Card,Courtneyside
702,176,2023-11-27,105,Curtains,Clothing,3,2079.16,13.57,6223.91,Debit Card,East Williemouth
703,266,2024-09-17,109,Cooking Oil,Home Decor,4,1548.79,15.69,6179.47,UPI,Port Stephanie
704,79,2023-08-04,104,Rice Bag,Clothing,5,2483.95,7.94,12411.81,UPI,South Mariechester
705,203,2024-04-03,105,Wall Clock,Clothing,5,2839.87,8.95,14190.4,Cash,Carrieville
706,124,2024-05-07,106,Tennis Racket,Sports,3,1012.07,9.58,3026.63,Credit Card,Marshallside
707,8,2024-08-01,107,Wall Clock,Clothing,2,3285.15,10.19,6560.11,Credit Card,Ricardoside
708,73,2025-04-16,106,Laptop,Grocery,2,3604.18,11.91,7196.45,Credit Card,Port Davidside
709,280,2025-04-30,105,Cooking Oil,Electronics,5,1617.4,13.83,8073.17,Net Banking,Port Brianborough
710,260,2024-03-11,101,Tennis Racket,Sports,2,4107.43,10.64,8204.22,UPI,North Chad
711,19,2024-02-01,101,Rice Bag,Sports,1,2870.38,8.54,2861.84,Credit Card,Tracyfort
712,53,2024-01-16,107,Laptop,Sports,1,388.89,14.61,374.28,Credit Card,Lake Matthewview
713,58,2024-03-29,105,T-shirt,Sports,4,3814.19,13.68,15243.08,UPI,Danielview
714,15,2023-09-05,101,Tennis Racket,Grocery,4,102.41,8.48,401.16,Net Banking,Lake Ricardobury
715,240,2025-02-21,107,Headphones,Home Decor,2,2088.32,15.3,4161.34,UPI,Arellanotown
716,104,2024-03-03,102,Headphones,Sports,3,1508.74,10.23,4515.99,Debit Card,West Dillon
717,15,2024-09-20,102,Wall Clock,Sports,2,1512.35,3.4,3021.3,Cash,Paulside
718,75,2025-07-12,103,Wall Clock,Sports,4,756.18,3.03,3021.69,Debit Card,Joseport
719,61,2024-07-09,102,Rice Bag,Clothing,1,2296.37,15.92,2280.45,Debit Card,Stephenbury
720,258,2023-12-26,106,Jeans,Home Decor,2,4572.47,0.04,9144.9,Credit Card,Campbellberg
721,173,2024-09-16,103,Rice Bag,Electronics,1,429.7,17.31,412.39,Debit Card,Cantrellburgh
722,274,2024-08-19,108,Wall Clock,Clothing,2,3892.01,15.27,7768.75,Credit Card,Websterfurt
723,127,2024-10-15,110,Tennis Racket,Sports,1,2491.22,19.92,2471.3,UPI,Kerrside
724,99,2024-03-13,103,Headphones,Home Decor,2,1643.69,2.29,3285.09,Debit Card,South Tammy
725,270,2025-05-31,105,Curtains,Electronics,2,3554.1,10.59,7097.61,Debit Card,New Richardmouth
726,160,2023-10-15,104,Cooking Oil,Home Decor,2,2676.55,15.63,5337.47,Net Banking,Kevinville
727,42,2024-04-15,106,Rice Bag,Clothing,3,315.16,1.37,944.11,UPI,Port Marialand
728,216,2023-10-03,110,Curtains,Electronics,1,4777.71,14.8,4762.91,Cash,North Davidberg
729,224,2024-09-21,107,Cooking Oil,Sports,3,3770.01,0.3,11309.73,Credit Card,South Chris
730,73,2023-12-25,102,Rice Bag,Clothing,4,3343.81,15.43,13359.81,Debit Card,Lake Brandy
731,54,2024-03-01,104,Curtains,Sports,5,1463.77,10.78,7308.07,UPI,Michelleborough
732,245,2023-08-22,102,Jeans,Grocery,1,2707.94,8.42,2699.52,UPI,New Larry
733,98,2024-11-18,109,Laptop,Clothing,4,2987.56,5.71,11944.53,UPI,Port Josephchester
734,193,2024-10-11,106,Jeans,Home Decor,4,803.37,6.05,3207.43,Cash,South Jamieport
735,237,2023-10-05,104,Curtains,Grocery,3,2740.91,18.08,8204.65,Net Banking,East Megan
736,238,2023-08-04,104,Jeans,Electronics,1,3207.1,17.8,3189.3,UPI,Port Mariahville
737,200,2024-05-26,104,Laptop,Home Decor,2,606.7,11.48,1201.92,UPI,Wellsborough
738,61,2024-06-18,108,Laptop,Electronics,1,3600.13,10.59,3589.54,Net Banking,Brittanyville
739,255,2025-07-09,101,Cooking Oil,Home Decor,5,410.6,14.67,2038.33,Net Banking,Romeroborough
740,22,2025-04-01,104,Rice Bag,Sports,3,1484.75,0.04,4454.21,Net Banking,East Robertshire
741,49,2024-04-08,102,Football,Home Decor,5,3380.33,10.14,16891.51,UPI,Lake Jenniferstad
742,62,2024-02-10,102,Cooking Oil,Sports,3,3384.27,7.41,10145.4,Credit Card,Daltonmouth
743,202,2024-10-11,106,Tennis Racket,Home Decor,3,1776.1,16.56,5311.74,Cash,South Nicole
744,165,2024-10-07,110,Football,Sports,5,922.55,12.47,4600.28,Credit Card,Manuelland
745,266,2024-08-23,101,Jeans,Home Decor,2,3778.75,3.58,7553.92,UPI,Walshshire
746,78,2024-10-10,107,Tennis Racket,Clothing,2,1138.0,3.07,2272.93,Cash,Gregorymouth
747,234,2023-12-30,107,Rice Bag,Grocery,1,4376.76,1.08,4375.68,Debit Card,Perezbury
748,93,2024-02-29,101,Curtains,Home Decor,4,345.09,15.0,1365.36,UPI,Costamouth
749,198,2024-05-14,107,T-shirt,Sports,1,2370.71,9.81,2360.9,Cash,East Michael
750,7,2023-11-26,103,T-shirt,Electronics,3,2525.14,16.42,7559.0,Cash,Kyleshire
751,162,2024-09-02,106,T-shirt,Electronics,5,2921.41,2.38,14604.67,Net Banking,East Juan
752,34,2025-03-05,102,Headphones,Home Decor,5,782.36,4.57,3907.23,Net Banking,Port Cristinaburgh
753,144,2024-07-25,109,Jeans,Clothing,4,3068.02,7.43,12264.65,Debit Card,Timothystad
754,137,2025-01-19,109,Tennis Racket,Sports,5,2851.39,10.5,14246.45,UPI,Garciastad
755,289,2025-06-04,106,Jeans,Home Decor,2,1183.01,11.78,2354.24,Cash,Lake Amandahaven
756,76,2025-03-25,102,Cooking Oil,Electronics,2,2505.98,14.88,4997.08,UPI,Michelleland
757,294,2024-11-03,107,Laptop,Grocery,1,1193.12,5.86,1187.26,Debit Card,East Richard
758,161,2024-02-10,106,Headphones,Grocery,4,3610.99,8.6,14435.36,Debit Card,West Alyssafurt
759,132,2025-02-15,109,Tennis Racket,Grocery,5,2814.16,13.09,14057.71,Debit Card,Stevenfort
760,88,2024-01-24,104,Laptop,Home Decor,3,2084.17,5.97,6246.54,Credit Card,South Austin
761,149,2024-01-20,107,Wall Clock,Grocery,3,4374.86,15.42,13109.16,UPI,Brownborough
762,220,2025-03-04,110,T-shirt,Sports,1,2409.48,8.25,2401.23,Debit Card,North Peterbury
763,155,2025-06-24,110,Curtains,Clothing,4,2212.78,2.53,8848.59,UPI,North Brett
764,26,2024-09-21,109,Football,Electronics,3,1464.17,6.2,4386.31,Cash,Campbellbury
765,121,2024-09-09,101,Jeans,Sports,5,263.53,19.5,1298.15,UPI,North Sarahberg
766,226,2024-06-24,110,Rice Bag,Home Decor,4,3969.27,9.57,15867.51,Credit Card,South Michelle
767,111,2023-08-16,103,Jeans,Grocery,4,2657.7,14.72,10616.08,Credit Card,East Laura
768,130,2024-09-22,106,Jeans,Sports,5,3420.31,3.01,17098.54,Credit Card,West Stefaniestad
769,300,2024-06-28,107,Wall Clock,Sports,1,3386.9,16.07,3370.83,Debit Card,Jamesport
770,27,2024-08-28,105,Tennis Racket,Electronics,2,3552.39,5.15,7099.63,Debit Card,North Alicia
771,58,2023-10-14,104,T-shirt,Home Decor,2,2138.52,4.57,4272.47,UPI,South Karen
772,212,2023-07-29,105,Wall Clock,Sports,2,4246.71,3.81,8489.61,Net Banking,Port Scottburgh
773,212,2024-08-27,107,Curtains,Sports,4,4122.75,17.47,16473.53,Credit Card,New Samantha
774,105,2025-02-08,104,T-shirt,Electronics,2,2841.82,8.97,5674.67,Net Banking,South Johnburgh
775,166,2024-06-11,104,Wall Clock,Sports,5,3779.89,0.48,18898.97,Net Banking,Lake Kathleenmouth
776,295,2024-10-08,107,Laptop,Home Decor,5,3014.54,4.9,15067.8,Credit Card,Cherylport
777,63,2025-06-21,106,Laptop,Grocery,5,1383.87,15.01,6904.34,Debit Card,Port Zachary
778,205,2025-03-07,108,Tennis Racket,Grocery,3,2747.44,15.1,8227.22,Cash,South Karenburgh
779,42,2023-11-10,101,Curtains,Grocery,2,2344.91,9.46,4680.36,UPI,Port Michelle
780,57,2024-02-12,106,Rice Bag,Clothing,3,2129.62,17.18,6371.68,Net Banking,East Robert
781,165,2024-04-19,108,Headphones,Home Decor,1,3834.44,8.71,3825.73,Debit Card,Williamside
782,267,2024-08-02,102,Football,Home Decor,3,2254.18,6.64,6755.9,Debit Card,Chenfort
783,15,2024-11-09,101,Headphones,Home Decor,2,2293.74,6.51,4580.97,Net Banking,Smithhaven
784,263,2023-11-02,105,T-shirt,Grocery,1,4560.87,15.14,4545.73,UPI,Matthewstad
785,95,2025-05-08,105,Curtains,Grocery,5,3626.6,4.15,18128.85,Debit Card,Shaneland
786,83,2024-11-28,105,Jeans,Grocery,4,4952.61,6.62,19803.82,Cash,Danaside
787,42,2025-07-04,106,Jeans,Grocery,3,3883.43,1.64,11648.65,Debit Card,South Alisonmouth
788,131,2025-02-18,106,Headphones,Sports,4,1842.3,9.24,7359.96,Cash,Port Brandon
789,7,2024-05-18,103,Football,Home Decor,4,2747.87,9.31,10982.17,UPI,Dawntown
790,13,2024-08-29,102,Tennis Racket,Clothing,4,1905.61,15.46,7606.98,UPI,South Roger
791,256,2023-12-09,110,Wall Clock,Electronics,4,2527.85,8.66,10102.74,Debit Card,Smithberg
792,153,2024-01-03,105,Tennis Racket,Grocery,4,4614.25,18.94,18438.06,Cash,East Jameshaven
793,5,2023-11-17,110,Curtains,Home Decor,5,2802.38,4.53,14007.37,Credit Card,Alexanderbury
794,217,2023-08-04,102,Laptop,Electronics,4,235.25,18.78,922.22,UPI,East Teresa
795,267,2025-04-07,106,Headphones,Electronics,5,3446.92,0.89,17233.71,UPI,Mckeestad
796,143,2025-02-01,109,Curtains,Clothing,4,1091.52,6.38,4359.7,Debit Card,Jamesville
797,252,2024-04-03,103,Headphones,Grocery,3,1620.56,14.67,4847.01,Credit Card,Staceyville
798,183,2024-12-17,104,Jeans,Grocery,1,2839.45,15.89,2823.56,UPI,Reyesview
799,191,2024-08-05,110,Tennis Racket,Electronics,4,4085.11,3.26,16337.18,UPI,Annaburgh
800,10,2024-02-16,108,Football,Electronics,4,3505.33,14.59,14006.73,Net Banking,Collinsshire
801,210,2023-08-18,103,Headphones,Electronics,1,3376.65,6.07,3370.58,Cash,South Marissa
802,96,2023-08-21,106,T-shirt,Electronics,5,3110.23,0.37,15550.78,UPI,South Jennifer
803,10,2024-03-30,110,Curtains,Electronics,5,167.79,2.27,836.68,UPI,Lake Jonathan
804,3,2023-10-30,103,Football,Home Decor,5,3916.46,15.18,19567.12,Debit Card,Kristinfurt
805,135,2023-12-24,101,Rice Bag,Home Decor,1,1677.19,0.04,1677.15,Credit Card,Andrewborough
806,157,2024-01-29,108,Jeans,Clothing,5,1087.29,5.3,5431.15,Debit Card,East Zachary
807,146,2024-06-28,110,Football,Sports,5,4565.87,4.78,22824.57,Credit Card,Lake Juliefort
808,22,2024-05-24,105,Curtains,Clothing,2,2597.88,11.46,5184.3,Credit Card,East Heatherland
809,219,2024-03-21,106,Jeans,Home Decor,5,4863.47,5.94,24311.41,UPI,Port John
810,47,2024-08-19,101,Wall Clock,Home Decor,3,1780.71,0.81,5341.32,Credit Card,New Alanshire
811,49,2023-08-26,107,Laptop,Electronics,2,2134.82,14.51,4255.13,Net Banking,Rachelhaven
812,207,2024-03-20,107,Laptop,Home Decor,2,1014.9,12.29,2017.51,UPI,Rebeccafort
813,272,2024-04-07,103,Rice Bag,Clothing,1,1656.68,13.06,1643.62,UPI,West Hectorfurt
814,272,2025-06-01,106,Laptop,Clothing,3,4888.14,8.78,14655.64,Cash,Stephensfurt
815,196,2025-02-25,104,Rice Bag,Clothing,4,2489.23,10.74,9946.18,Net Banking,West Jennifer
816,245,2024-05-18,107,Rice Bag,Clothing,3,3464.78,7.58,10386.76,Cash,Lake Johnmouth
817,122,2023-09-25,106,Tennis Racket,Grocery,5,2314.05,14.5,11555.75,Debit Card,Wellsville
818,117,2025-03-12,103,Cooking Oil,Sports,1,3594.3,5.44,3588.86,Net Banking,South Brittanyfort
819,155,2024-01-08,107,Rice Bag,Electronics,2,2101.4,4.2,4198.6,UPI,South Eileenchester
820,70,2025-05-08,104,Tennis Racket,Home Decor,1,3144.24,18.65,3125.59,UPI,New Tammystad
821,136,2025-02-28,103,Curtains,Sports,4,1682.64,15.06,6715.5,UPI,North Waynemouth
822,110,2024-07-03,110,T-shirt,Electronics,4,3323.95,16.22,13279.58,Debit Card,South Nathanielbury
823,183,2024-12-18,107,T-shirt,Grocery,4,4425.19,3.79,17696.97,UPI,Port Anthonyshire
824,14,2023-11-28,105,Rice Bag,Home Decor,4,1460.65,18.43,5824.17,Debit Card,East Gregoryshire
825,165,2024-09-16,102,Tennis Racket,Clothing,5,1519.21,10.84,7585.21,Cash,New Marcus
826,253,2023-08-11,109,Jeans,Clothing,2,4468.53,16.99,8920.07,Debit Card,East Derek
827,29,2024-10-21,107,Cooking Oil,Grocery,1,4296.23,14.32,4281.91,Net Banking,New Beverlyfort
828,237,2023-10-06,109,Tennis Racket,Clothing,1,4501.49,8.32,4493.17,UPI,Kingfort
829,183,2024-03-05,104,Wall Clock,Electronics,3,520.84,0.87,1561.65,Cash,West Melissaville
830,5,2023-08-27,108,Curtains,Grocery,3,568.22,15.25,1689.41,Credit Card,New Josephstad
831,50,2024-03-15,103,Tennis Racket,Home Decor,3,4748.81,4.65,14241.78,Debit Card,Thomasport
832,40,2023-12-24,103,T-shirt,Clothing,2,3229.02,17.3,6440.74,Cash,East Julie
833,155,2024-08-22,103,Headphones,Clothing,3,3098.42,8.97,9286.29,Credit Card,New Denisestad
834,192,2025-03-19,109,Laptop,Electronics,3,4092.06,2.4,12273.78,Credit Card,Thomasmouth
835,176,2025-03-22,107,Rice Bag,Home Decor,2,3305.31,5.2,6605.42,Net Banking,North Thomas
836,164,2023-08-05,107,Rice Bag,Home Decor,1,316.14,6.61,309.53,Net Banking,Carlaton
837,110,2023-12-14,104,T-shirt,Electronics,1,3458.74,5.0,3453.74,Cash,South Kent
838,184,2025-07-11,110,T-shirt,Home Decor,5,1075.02,6.74,5368.36,Credit Card,North Ashleyfort
839,257,2023-12-19,101,Jeans,Home Decor,5,3441.73,16.4,17192.25,Credit Card,Charlesbury
840,141,2023-12-07,105,Cooking Oil,Clothing,5,808.35,10.25,4031.5,UPI,Paynemouth
841,260,2023-11-30,110,Headphones,Sports,5,2217.65,7.79,11080.46,Debit Card,Burkeview
842,104,2024-05-04,104,Tennis Racket,Sports,5,1780.24,19.78,8881.42,Credit Card,Garciafort
843,190,2025-01-17,109,Wall Clock,Grocery,1,2217.46,6.97,2210.49,Cash,South Tylerbury
844,192,2023-08-04,105,Curtains,Home Decor,2,1075.92,3.43,2148.41,Cash,Port Devinview
845,270,2024-06-09,106,T-shirt,Clothing,1,2965.06,1.9,2963.16,Credit Card,Morrowside
846,118,2023-10-15,107,Headphones,Home Decor,1,4274.96,7.96,4267.0,Credit Card,Pooleton
847,185,2025-01-23,107,Wall Clock,Grocery,3,2604.45,10.69,7802.66,Cash,North Walter
848,68,2025-02-24,110,Headphones,Home Decor,1,4424.61,1.26,4423.35,UPI,Port Michaelabury
849,190,2024-10-11,108,Football,Electronics,3,2633.63,2.77,7898.12,Cash,South Eric
850,282,2024-05-10,101,Football,Clothing,2,127.02,9.97,244.07,Credit Card,Lake Patricia
851,238,2024-11-12,107,Laptop,Home Decor,2,4930.51,18.59,9842.43,Cash,Travisside
852,145,2025-05-30,110,Curtains,Clothing,3,2600.98,3.1,7799.84,Debit Card,North Jennifermouth
853,140,2024-05-22,109,Wall Clock,Sports,1,2617.31,8.51,2608.8,UPI,Lake Daniel
854,135,2024-09-16,102,Cooking Oil,Electronics,2,2117.57,16.77,4218.37,Cash,Garcialand
855,83,2025-04-02,102,Curtains,Grocery,1,1995.82,1.65,1994.17,Net Banking,Jonesberg
856,40,2024-05-02,102,Cooking Oil,Electronics,4,2903.61,17.79,11596.65,Debit Card,Tracystad
857,168,2024-07-27,110,Football,Clothing,3,3678.21,1.22,11033.41,Debit Card,Nicholeside
858,49,2024-05-02,107,Jeans,Sports,5,2043.38,9.53,10207.37,Net Banking,Kathyborough
859,126,2025-05-03,106,Tennis Racket,Home Decor,1,2668.98,11.92,2657.06,Debit Card,Madelineton
860,215,2023-08-17,106,Football,Grocery,4,182.65,6.74,723.86,Credit Card,Sellersborough
861,82,2025-01-30,104,Curtains,Clothing,2,979.63,3.26,1956.0,Cash,Keyhaven
862,178,2023-11-25,109,Laptop,Clothing,1,2933.82,18.28,2915.54,UPI,West Melissa
863,12,2025-02-15,104,Cooking Oil,Grocery,2,3215.89,16.04,6415.74,UPI,East Brianland
864,130,2024-12-24,105,Rice Bag,Sports,5,1845.91,6.73,9222.82,Debit Card,South Andrew
865,35,2023-08-08,105,Football,Clothing,3,999.7,8.47,2990.63,Debit Card,Bishopshire
866,29,2025-02-27,104,T-shirt,Clothing,2,4029.32,18.82,8039.82,Debit Card,West Davidville
867,105,2024-04-18,105,Wall Clock,Sports,4,606.74,0.03,2426.93,Net Banking,New Lauren
868,248,2025-03-19,109,Headphones,Grocery,1,4704.7,16.14,4688.56,Net Banking,North Travis
869,159,2024-07-11,105,Laptop,Sports,4,741.58,6.03,2960.29,Cash,Davidsonborough
870,294,2025-02-28,107,Tennis Racket,Sports,2,2275.26,2.15,4548.37,UPI,East Sarahshire
871,81,2024-04-28,106,Tennis Racket,Grocery,3,2593.56,13.19,7767.49,Net Banking,East Lisa
872,20,2023-12-08,101,Laptop,Electronics,4,2131.3,14.01,8511.19,Net Banking,Lake Joshua
873,107,2023-11-09,106,Rice Bag,Home Decor,2,3701.01,14.17,7387.85,Credit Card,Whiteside
874,293,2025-07-09,108,Curtains,Clothing,3,2926.17,2.1,8776.41,Net Banking,Lanebury
875,183,2023-12-01,105,T-shirt,Clothing,5,443.09,3.08,2212.37,Net Banking,Watsonhaven
876,252,2024-09-07,109,Cooking Oil,Grocery,4,4063.11,0.59,16251.85,UPI,Lake Aprilport
877,21,2023-11-22,109,Football,Sports,4,4724.37,13.11,18884.37,Net Banking,South Brian
878,294,2024-08-18,101,Curtains,Sports,2,3947.8,9.91,7885.69,Net Banking,South Amandamouth
879,205,2024-08-16,108,Wall Clock,Grocery,3,3362.22,11.96,10074.7,Net Banking,New Courtneyshire
880,291,2025-03-23,106,Jeans,Grocery,5,4071.91,13.77,20345.78,Cash,Harrisburgh
881,47,2024-03-31,106,T-shirt,Home Decor,1,2344.92,13.48,2331.44,UPI,Aaronton
882,85,2024-12-07,106,Tennis Racket,Clothing,4,1669.58,15.48,6662.84,Debit Card,Lake Kathleenmouth
883,133,2024-09-30,109,Headphones,Electronics,5,2006.83,3.4,10030.75,Debit Card,South Christine
884,178,2023-08-16,102,Football,Clothing,5,3108.8,3.97,15540.03,UPI,Lisafurt
885,74,2024-11-14,107,Tennis Racket,Sports,5,3174.96,18.52,15856.28,UPI,Kennedybury
886,192,2024-10-24,105,Wall Clock,Electronics,5,3034.34,11.5,15160.2,Credit Card,South Lisamouth
887,229,2023-09-09,108,Laptop,Clothing,1,1905.84,13.04,1892.8,UPI,South Ashley
888,285,2024-02-29,109,Jeans,Electronics,3,1404.38,7.64,4205.5,Debit Card,Jacobmouth
889,182,2025-05-03,110,Jeans,Electronics,4,218.33,9.8,863.52,Credit Card,Mariachester
890,200,2024-11-28,102,Jeans,Sports,2,4931.18,14.9,9847.46,UPI,Smithburgh
891,202,2024-01-10,103,Headphones,Electronics,1,2031.69,5.97,2025.72,Cash,East Evelyn
892,118,2025-05-31,106,Cooking Oil,Grocery,1,4688.26,8.37,4679.89,Cash,Lake Daniel
893,32,2025-04-09,109,Headphones,Home Decor,3,4750.55,8.77,14242.88,Debit Card,West Sarah
894,123,2025-02-19,102,T-shirt,Sports,1,2110.39,0.91,2109.48,Cash,Isaiahbury
895,217,2024-06-07,106,Jeans,Clothing,1,2584.44,3.75,2580.69,Debit Card,West Angela
896,217,2023-11-01,104,Jeans,Clothing,2,2293.76,5.35,4582.17,UPI,Danielsmouth
897,204,2024-08-11,110,Jeans,Electronics,5,400.64,5.35,1997.85,Cash,Karenview
898,68,2023-10-31,107,Jeans,Clothing,1,1282.03,13.79,1268.24,Debit Card,East Annatown
899,141,2024-03-30,105,Laptop,Sports,2,809.48,12.81,1606.15,Credit Card,Rachelland
900,186,2025-03-06,110,Jeans,Sports,4,4407.51,17.46,17612.58,Credit Card,Castilloview
901,189,2025-05-22,103,T-shirt,Grocery,3,255.29,5.95,759.92,Net Banking,Garrettburgh
902,46,2025-01-17,101,T-shirt,Clothing,2,1980.71,10.83,3950.59,Credit Card,South Brian
903,50,2025-04-30,101,Tennis Racket,Electronics,3,1074.38,2.02,3221.12,Cash,Tatehaven
904,259,2024-03-23,106,Football,Home Decor,3,1766.0,6.16,5291.84,Debit Card,Taylorchester
905,122,2024-09-02,101,Headphones,Electronics,5,171.71,5.07,853.48,Cash,Esparzatown
906,264,2024-02-27,102,Headphones,Clothing,5,506.3,13.97,2517.53,UPI,South Robert
907,22,2024-01-30,108,Cooking Oil,Clothing,1,715.31,2.8,712.51,Net Banking,New Vickieville
908,219,2024-04-26,109,Cooking Oil,Home Decor,3,4705.53,3.07,14113.52,UPI,Port John
909,105,2024-08-24,101,Laptop,Home Decor,5,2141.84,17.7,10691.5,Credit Card,Lake Brendafurt
910,6,2025-06-18,104,Jeans,Grocery,1,3175.85,10.27,3165.58,Debit Card,Adamfurt
911,229,2024-09-23,103,Wall Clock,Electronics,1,977.96,10.72,967.24,UPI,Westland
912,273,2024-11-01,105,Rice Bag,Grocery,2,4709.88,9.47,9410.29,Cash,Millerhaven
913,82,2024-08-08,106,Rice Bag,Home Decor,5,4362.17,13.23,21797.62,Debit Card,Chambersside
914,253,2024-11-26,109,T-shirt,Electronics,4,2051.64,7.84,8198.72,Cash,Bullockside
915,42,2025-01-03,104,Rice Bag,Electronics,1,3142.65,12.01,3130.64,UPI,North Markborough
916,300,2023-09-14,104,Tennis Racket,Sports,5,2583.18,8.44,12907.46,Net Banking,New Candice
917,226,2024-05-11,110,T-shirt,Grocery,3,377.55,14.37,1118.28,Debit Card,Arnoldport
918,76,2024-03-16,101,Wall Clock,Grocery,2,2616.69,9.82,5223.56,Debit Card,Lake Colin
919,74,2024-03-13,102,Tennis Racket,Sports,1,2530.48,12.99,2517.49,Debit Card,Port Shawnland
920,28,2024-07-05,105,Curtains,Grocery,5,1538.7,2.29,7691.21,Debit Card,Rayburgh
921,64,2024-04-26,110,Cooking Oil,Grocery,4,2945.19,0.85,11779.91,Credit Card,New Jason
922,152,2023-09-14,106,Tennis Racket,Sports,3,4888.01,7.53,14656.5,Net Banking,North Craig
923,64,2024-05-21,106,Rice Bag,Home Decor,4,1941.19,2.57,7762.19,Net Banking,Jeffreychester
924,233,2023-12-12,103,Football,Home Decor,1,1924.7,14.25,1910.45,Net Banking,Murphyfurt
925,189,2023-12-25,107,Headphones,Home Decor,4,2865.37,14.93,11446.55,UPI,Cuevasmouth
926,16,2023-11-03,101,Jeans,Sports,5,1705.43,0.43,8526.72,UPI,Cherylport
927,260,2023-11-07,107,Curtains,Sports,4,928.64,11.62,3702.94,Credit Card,Robinsonton
928,177,2025-06-24,109,Tennis Racket,Sports,4,4064.92,5.38,16254.3,Credit Card,Lake Allenberg
929,162,2024-01-23,101,Headphones,Clothing,5,2649.64,18.79,13229.41,Debit Card,Hernandezmouth
930,249,2023-09-24,103,Curtains,Home Decor,3,888.6,17.11,2648.69,UPI,Port Michael
931,43,2025-01-21,104,Football,Clothing,4,113.56,4.25,449.99,Debit Card,Josephshire
932,149,2023-11-04,105,Football,Clothing,5,853.5,19.17,4248.33,Debit Card,Lake Jay
933,289,2024-09-05,106,Curtains,Electronics,5,2910.67,7.59,14545.76,Credit Card,West Justin
934,92,2023-09-21,109,Headphones,Grocery,1,923.13,5.07,918.06,Cash,Ronaldberg
935,273,2023-11-06,102,Tennis Racket,Home Decor,3,418.14,4.81,1249.61,Debit Card,Kellyshire
936,157,2024-11-01,102,T-shirt,Electronics,1,404.17,1.34,402.83,UPI,Lake Tammie
937,63,2024-04-13,104,Jeans,Grocery,3,247.35,15.42,726.63,Net Banking,North Robert
938,135,2024-12-20,101,Jeans,Electronics,4,4449.9,18.75,17780.85,Net Banking,Carmenburgh
939,272,2024-08-28,104,T-shirt,Home Decor,4,3962.78,0.64,15850.48,Net Banking,North Andrewfurt
940,197,2023-10-01,110,Football,Clothing,4,1971.41,9.05,7876.59,Cash,Leslieshire
941,20,2023-11-20,110,Cooking Oil,Home Decor,3,3319.7,4.0,9955.1,Debit Card,Lake Frankton
942,205,2024-02-03,109,Wall Clock,Electronics,3,4556.77,16.88,13653.43,UPI,Cookberg
943,10,2024-07-16,110,Wall Clock,Grocery,5,2250.83,16.48,11237.67,Net Banking,Colonborough
944,77,2024-09-27,108,Rice Bag,Electronics,5,906.56,13.51,4519.29,Cash,South Heidibury
945,112,2024-03-20,108,Football,Home Decor,5,2971.86,8.05,14851.25,Cash,New Marystad
946,39,2024-01-30,103,Jeans,Sports,3,2633.36,6.13,7893.95,Debit Card,Rebeccashire
947,210,2025-04-29,109,Jeans,Grocery,3,3272.28,14.93,9801.91,Credit Card,West Davidport
948,254,2025-03-22,110,Curtains,Home Decor,2,3350.16,2.8,6697.52,Debit Card,North Michaelmouth
949,232,2024-10-15,109,Tennis Racket,Sports,5,3351.46,5.22,16752.08,Net Banking,Lake Jamesmouth
950,192,2025-05-07,105,Cooking Oil,Sports,2,319.17,10.49,627.85,Cash,Lake Jeffrey
951,102,2025-04-30,102,Curtains,Sports,4,814.45,14.31,3243.49,Debit Card,South Mckenziefort
952,94,2024-01-01,109,Cooking Oil,Clothing,1,3328.25,17.32,3310.93,Net Banking,Mathismouth
953,45,2024-09-19,103,Rice Bag,Sports,4,1416.14,0.58,5663.98,Credit Card,West Billyfort
954,205,2024-08-22,107,Curtains,Clothing,5,4442.53,17.52,22195.13,UPI,Port Wayneville
955,187,2024-06-09,106,Curtains,Sports,4,4559.76,8.28,18230.76,UPI,North Judy
956,13,2025-02-13,102,Curtains,Home Decor,4,2293.6,12.46,9161.94,Cash,North Victoria
957,207,2024-02-04,105,Football,Grocery,1,887.66,9.37,878.29,Net Banking,Port Eric
958,258,2025-07-04,108,Rice Bag,Clothing,5,4064.47,15.14,20307.21,Net Banking,West Drew
959,91,2025-05-03,109,Laptop,Sports,1,3681.08,7.54,3673.54,Credit Card,Smithport
960,101,2023-07-13,106,Headphones,Clothing,2,3040.36,14.71,6066.01,Credit Card,West Barbarahaven
961,159,2024-12-08,107,Football,Clothing,1,1681.47,13.34,1668.13,Credit Card,South Amanda
962,259,2024-08-12,110,Curtains,Electronics,5,1309.33,19.9,6526.75,Credit Card,Annetteshire
963,228,2024-07-01,102,Curtains,Electronics,1,3237.4,1.01,3236.39,Credit Card,Myersside
964,112,2024-01-15,102,Tennis Racket,Home Decor,3,2461.29,5.14,7378.73,Cash,Robertside
965,237,2025-04-09,108,Cooking Oil,Grocery,5,3110.99,10.97,15543.98,Cash,Port Alvinmouth
966,259,2023-07-20,103,Wall Clock,Clothing,2,4111.27,11.09,8211.45,Cash,New Christopher
967,66,2025-05-03,107,Headphones,Grocery,2,4993.99,19.81,9968.17,Credit Card,Simmonsshire
968,111,2023-09-19,108,Jeans,Sports,2,377.06,7.44,746.68,Debit Card,Lake Elizabethville
969,93,2024-07-09,101,Curtains,Clothing,1,3447.51,5.56,3441.95,Cash,Ninashire
970,113,2023-12-21,103,Wall Clock,Home Decor,3,1987.54,19.17,5943.45,Net Banking,East Gregory
971,289,2025-04-28,108,T-shirt,Sports,3,3517.3,5.69,10546.21,Cash,Younghaven
972,127,2024-11-11,107,Wall Clock,Home Decor,2,3533.6,16.2,7051.0,UPI,West Frankfort
973,69,2024-01-04,101,Curtains,Sports,1,3846.91,13.71,3833.2,Cash,South Amanda
974,230,2024-06-03,104,Football,Electronics,4,117.71,4.55,466.29,UPI,Nealville
975,196,2025-02-05,109,Headphones,Clothing,2,4702.0,14.7,9389.3,UPI,Rogerstad
976,192,2024-02-26,105,T-shirt,Home Decor,5,1638.58,18.66,8174.24,Debit Card,Port Nancy
977,225,2025-04-03,101,Headphones,Home Decor,5,2950.06,13.99,14736.31,Cash,Hollyshire
978,211,2025-04-23,104,Cooking Oil,Clothing,4,4537.37,3.39,18146.09,Net Banking,Steinberg
979,261,2024-08-24,108,Rice Bag,Sports,5,3259.14,18.11,16277.59,UPI,Joycebury
980,13,2024-05-13,103,Laptop,Electronics,5,823.24,15.3,4100.9,Debit Card,Lake William
981,192,2024-07-29,109,Wall Clock,Clothing,5,3656.74,11.73,18271.97,Cash,Port Emilychester
982,148,2024-10-13,104,Curtains,Home Decor,4,1438.51,8.48,5745.56,Debit Card,New John
983,287,2023-07-22,102,Curtains,Clothing,5,1574.81,6.28,7867.77,Debit Card,Gabrielstad
984,16,2025-02-02,101,Laptop,Home Decor,4,3939.4,12.11,15745.49,Net Banking,West Brittany
985,14,2025-03-06,108,Headphones,Home Decor,4,1261.54,17.01,5029.15,Debit Card,Theresamouth
986,91,2024-10-26,103,Rice Bag,Clothing,3,366.11,11.57,1086.76,Net Banking,North Joshua
987,23,2024-12-30,109,T-shirt,Clothing,5,4619.67,6.38,23091.97,Credit Card,West Christianside
988,95,2024-01-27,103,Headphones,Clothing,1,3816.31,0.17,3816.14,Credit Card,Sandovalland
989,177,2024-12-31,105,Cooking Oil,Grocery,1,1308.86,0.25,1308.61,Cash,Michaelshire
990,262,2024-08-15,110,Headphones,Home Decor,4,4985.88,19.41,19924.11,Credit Card,Sarahchester
991,58,2023-11-05,107,Wall Clock,Electronics,1,2098.4,17.07,2081.33,Credit Card,North Adamfort
992,138,2024-03-04,110,Headphones,Home Decor,4,4883.48,18.55,19515.37,Net Banking,West Gregorychester
993,249,2023-10-28,105,Laptop,Electronics,2,2895.87,8.96,5782.78,Cash,New Cindy
994,154,2024-07-26,102,Wall Clock,Grocery,3,4870.74,6.32,14605.9,Cash,Lopezborough
995,274,2025-02-18,107,Curtains,Clothing,1,414.23,14.19,400.04,Debit Card,Norrishaven
996,45,2024-11-08,106,Football,Clothing,4,835.67,9.22,3333.46,UPI,East Jesus
997,73,2023-12-26,105,Rice Bag,Home Decor,2,4129.98,17.44,8242.52,Debit Card,Grahamberg
998,213,2025-03-17,106,Rice Bag,Home Decor,2,4363.93,6.96,8720.9,Credit Card,North Calvinfort
999,155,2023-11-04,110,Laptop,Electronics,4,4492.72,1.0,17969.88,UPI,Monicabury
1000,9,2024-12-10,105,Laptop,Grocery,2,923.26,18.45,1828.07,Cash,Port Emilyland
